,id,date,user_id,username,name,tweet,replies_count,retweets_count,likes_count
0,1478637395289378817,2022-01-05,966573471663828992,pymesmagazine,PymesMagazine,Â¿Quieres formarte en una de las profesiones que mÃ¡s futuro tienen en la actualidad? Acuerdo entre @camaradesevilla y @TheBridge_Tech   https://t.co/RyKjNHm0AE #pymes #autonÃ³mos #emprendedores #Sevilla #Actualidad #Noticias #NoticiasHoy,0,0,3
1,1479787660910768132,2022-01-08,10045342,cmarchena,Carlos A. Marchena,"@cbusquets Hola, @TheBridge_Tech te da la opciÃ³n de pagar una vez consigues trabajo. @uxerschool tambiÃ©n te da opciones de pago. En mi opiniÃ³n son los dos top de Madrid",0,0,4
2,1480228635294449667,2022-01-09,183583012,ing_titiritero,Ingeniero Titiritero,Me encantarÃ­a saber que les enseÃ±an sobre estadÃ­stica en el super curso de data science de @TheBridge_Tech,0,0,0
3,1481340966866989063,2022-01-12,41545659,nodosenlared,Mario Lopez de Avila,"Ciclo de Conferencias sobre Inteligencia Artificial Responsable curso 21-22: ""La Inteligencia Artificial y la Ley: lo que hay y lo que viene"" a cargo de @rayadvd  El 25 de enero, en @TheBridge_Tech info:  https://t.co/Zyvxg8uLb0 #ResponsibleAI #AILaw #Compliance | Cc @josepcurto  https://t.co/ZqomfcYZ8j",0,1,6
4,1483469787078533123,2022-01-18,1162694149956603904,thebridge_tech,The Bridge,Del periodismo al marketing digital ğŸ¤¸ esta es la historia de Blanca GÃ³mez y su experiencia cursando el #bootcamp de #DigitalMarketingOps en @TheBridge_Tech Â¡Dale al â–¶!   #digitaltalent #aceleratucarrera  https://t.co/sU5Ogt3xGn,0,0,0
5,1483836824279818241,2022-01-19,1162694149956603904,thebridge_tech,The Bridge,"El claustro de #DataScience de @TheBridge_Tech ha creado este ""escalofriante"" vÃ­deo haciendo uso de Inteligencia Artificial con motivo del tema del #DesafÃ­odeTripulaciones sobre la protecciÃ³n de las marcas Â¡Alumnos y famosos se mezclan en este ejercicio de #deepface! #IA ğŸ¤¯  https://t.co/3Eg8WYfV2p",0,2,1
6,1483737308553789445,2022-01-19,1162694149956603904,thebridge_tech,The Bridge,"La directora de #ciberseguridad de @siemens @NataliaOropezaG  aboga por una sÃ³lida estrategia de ciberseguridad de manera proactiva, y no reaccionar ""tras haber tenido un ataque o una auditorÃ­a interna, instalando algunas medidas aquÃ­ y allÃ­""âš”ï¸ #Checkitout  https://t.co/3ZXCwOU8pT",0,0,0
7,1484117172494475265,2022-01-20,1162694149956603904,thebridge_tech,The Bridge,"Nuevo eventoğŸ¤©""La Inteligencia Artificial y la Ley: lo que hay y lo que viene"" a cargo de @rayadvd  ğŸ“†25 de enero en @TheBridge_Tech  Â¡Saca ya tus entradas!ğŸŸï¸ https://t.co/EG7QBigIgJ  #ResponsibleAI #AILaw #Compliance @nodosenlared  @josepcurto",0,1,3
8,1484480904030523394,2022-01-21,589903453,funiversia,FundaciÃ³n Universia,Junto con @IndraCompany lanzamos 10 becas destinadas a la realizaciÃ³n de un #bootcamp de Desarrollo Web Full-stack en @TheBridge_Tech ğŸ’» Estas becas estÃ¡n dirigidas a personas con #discapacidad que cuenten con formaciones #STEM  ğŸ“…Hasta el 28/02 ğŸ“²  https://t.co/ubL3GyxF4V  https://t.co/UP09YF3eb9,0,0,8
9,1484471502586138629,2022-01-21,73355170,indracompany,Indra,Junto a @FUniversia otorgamos 10 becas destinadas a la realizaciÃ³n de un #bootcamp de Desarrollo Web Full-stack en @TheBridge_Tech  ğŸ’» Estas becas estÃ¡n dirigidas a personas con #discapacidad con formaciones #STEM   ğŸ“…Hasta el 28/02  https://t.co/wYjp06QE9c  https://t.co/qb8rHZOxtG  https://t.co/uIIWUf5IZH,0,0,5
10,1484462596065574914,2022-01-21,12085582,diegodl,diegodl,Hoy tenemos reto de tripulaciones @TheBridge_Tech Un dÃ­a muy especial para todos! Enhorabuena a todos los alumnos que se gradÃºan hoy.  https://t.co/f0nCFK8asz,0,0,1
11,1484832209567551489,2022-01-22,1162694149956603904,thebridge_tech,The Bridge,"Â¡Inside The Bridge! Â¡EmociÃ³n a flor de piel! AsÃ­ reacciona Miriam SÃ¡nchez, la profe de UX/UI a los #proyectosfinales de los alumnos Â¡Se puede decir que ya son UX/UI Designers! ğŸ˜†  #uxui #bootcamp #clases #motivacion #palabrasraras  https://t.co/bU5ZaGcTPV",0,1,1
12,1485581825401577472,2022-01-24,1162694149956603904,thebridge_tech,The Bridge,Â¡Open Day Sevilla! Asiste al evento y conoce mÃ¡s sobre los bootcamps de #DataScience y #DesarrolloWebFullStack en nuestra nueva sede en la @ENCamaraSevilla @camaradesevilla Â¿EstÃ¡s pensando en acelerar tu carrera digital?  ğŸ‘©â€ğŸ’»Saca ya tus entradasğŸš€ https://t.co/j6mTRz4NDB,0,3,3
13,1485946677194371074,2022-01-25,479678741,associacioacec,ACEC +,"ğŸ“°@UniversiaES, @IndraCompany i @TheBridge_Tech signen un acord per a engegar un programa de #beques dirigit a persones amb discapacitat que compten amb estudis #STEM, als quals donaran accÃ©s a un bootcamp d'aprenentatge en Desenvolupament Web Full-stack   https://t.co/dd3G8smkNU  https://t.co/kwtYcCiyBV",0,0,1
14,1486398530243735553,2022-01-26,1025174114535923712,soyvalor,Valor Compartido,"ğŸ‘ @FUniversia, @IndraCompany y @TheBridge_Tech ponen en marcha programa de formaciÃ³n tecnolÃ³gica gratuita para personas con discapacidad.  Lee mÃ¡s aquÃ­ ğŸ‘‰  https://t.co/8S1QiTK66I  https://t.co/I2gFpUMUnG",0,0,1
15,1486618465909854214,2022-01-27,1961523644,pumuckey,Pumuckey,"@kenia913 @_JorgeSLL_ @ChemaCorbacho @InesSainzOf @CHANCE_es @TheBridge_Tech No es asÃ­. Hay una carrera universitaria llamada Ciencia de Datos y tambiÃ©n postgrados, pero lo que ha hecho ella es un curso de 15 semanas que no require tener estudios previos, el Ãºnico requisito haber cumplido 18 aÃ±osâ€¦ 15 semanas de curso y se autodefine como â€œCientÃ­ficaâ€ ğŸ¤¦ğŸ»â€â™€ï¸",0,0,0
16,1488167222979801095,2022-01-31,73355170,indracompany,Indra,AÃºn puedes solicitar una de las becas que otorgamos junto a @FUniversia para la realizaciÃ³n de un #bootcamp de Desarrollo Web Full-stack en @TheBridge_Tech ğŸ’» Son 10 #becas dirigidas a personas con #discapacidad con formaciones #STEM ğŸ“²  https://t.co/wYjp06QE9c  https://t.co/OYCENTaRMr,0,2,6
17,1488552725113618439,2022-02-01,106344840,camaradesevilla,CÃ¡mara de Comercio de Sevilla,ğŸ”¥ Â¡Impulsa tu carrera profesional con los nuevos #BootCamps de la @encamarasevilla!  âœ…Participa en el #OpenDay de los BootcampsğŸš€ de Data Science y Desarrollo Web Full Stack con @TheBridge_Tech.  MÃ¡s informaciÃ³n en â¤µ   https://t.co/CspTlfsJR8  https://t.co/ModB2H17pc,0,2,2
18,1488811177928921089,2022-02-02,1162694149956603904,thebridge_tech,The Bridge,"Cada vez se habla mÃ¡s de las ""soft skills"" y de lo importante que son para aplicar a posiciones tecnolÃ³gicas Â¡Descubre cuÃ¡les son en nuestro evento ""Soft Skills en tiempos de robots""! Saca tu entrada ğŸ‘‡  https://t.co/PfcDscwDtP",0,0,0
19,1489181416818724864,2022-02-03,1162694149956603904,thebridge_tech,The Bridge,Â¡Nos visita @DecathlonES ! Si te interesa la ciencia de datos y cÃ³mo se aplica a proyectos reales Â¡ApÃºntate al evento! ğŸ‘‡ El 8 de febrero a las 17.30h ğŸ˜‰ #datascience #bestpractice #freeevent  https://t.co/pXyFXll3fa,0,1,3
20,1489249806249644040,2022-02-03,720372640192405504,zoomtecnochile,Zoom Tecnologico,AutomatizaciÃ³n y el Covid-19 en el horizonte del nuevo trabajador  https://t.co/aA3d4D199h #TalentoProfesional #TheBridge #Automatizacion @thebridge_tech,0,0,1
21,1490430578633674756,2022-02-06,124512688,antoniolopezg,Antonio LÃ³pez,Muchas ganas de hablar este martes con alumnos de @TheBridge_Tech acerca de como hacemos #DataScience #MachineLearning en Decathlon  https://t.co/asAw5W6uht  https://t.co/4HOtEnbx7P,0,0,1
22,1490973768667512835,2022-02-08,589903453,funiversia,FundaciÃ³n Universia,AÃºn puedes solicitar una de las becas que otorgamos junto a @IndraCompany para la realizaciÃ³n de un #bootcamp de Desarrollo Web Full-stack en @TheBridge_Tech ğŸ’»  Son 10 #becas dirigidas a personas con #discapacidad con formaciones #STEM ğŸ“²  https://t.co/ubL3GyycUt  https://t.co/KAzkvXPFkY,0,0,3
23,1490999359579643909,2022-02-08,1402182570314539009,thefringelabs,TheFringe/LABS,Â¡Feliz martes porque podemos anunciar que los Proptech Thursdays aterrizan en Madrid el 3 de marzo! ğŸ‰Hemos creado estos eventos mensuales con la colaboraciÃ³n de @apicatalunya  y @TheBridge_Tech  y podÃ©is reservar vuestras entradas en este enlace:  https://t.co/cHFFfDUA9Z,1,0,2
24,1491801710729195524,2022-02-10,1162694149956603904,thebridge_tech,The Bridge,"Sevilla estÃ¡ llena de talentos digitales por descubrir Â¿te animas a conocer las profesiones del futuro?ğŸ§‘â€ğŸ’»Ven al taller y conoce de la mano de @pagepersonnel los perfiles mÃ¡s demandados Â¡Saca tus entradas!ğŸ‘‰ 2 de marzo, 19h.  https://t.co/5UMpplARdX",1,1,1
25,1492085613713141760,2022-02-11,1162694149956603904,thebridge_tech,The Bridge,"Hoy se celebra VLC Tech Women con motivo del #DiaDeLaMujeryLaNiÃ±aEnLaCiencia, un evento en el que se hablarÃ¡ de inteligencia artificial, datos y el futuro de la mujer en la tecnologÃ­a @AcmUpv @AcmWUpv  https://t.co/OhDBKHnsQQ Â¡Promete ser muy interesante!ğŸ‘©â€ğŸ’»",0,1,0
26,1492557029046632448,2022-02-12,1488306026025783301,soyuxpuntocom,Miriam Sanchez,@uxbs_podcast El bootcamp de @TheBridge_Tech,0,1,4
27,1492946377290178564,2022-02-13,1319221643634495489,aibot_cdh,AI_Bot,@peritecno @jcgalindo_ @Women4Cyber_SP @TheBridge_Tech @bbva @sanitas @unicc_ict @EduvigisOrtiz @tima_soni QuÃ© pena no poder asistir de manera presencial y poder conocer al resto de mentores y mentees,0,0,2
28,1493639257587601413,2022-02-15,1319233294198857728,women4cyber_sp,Women4Cyber_Spain,Presentando nuestra 2Âª ediciÃ³n del Programa de Mentoring de forma presencial en @TheBridge_Tech. Encantadas con la asistencia y el apoyo de nuestros mentores y mentees ğŸ™‚ğŸ™‚ Muchas gracias!! #womenincyber #W4C  https://t.co/JcPYHB5Aze,0,1,8
29,1494627201794428930,2022-02-18,73355170,indracompany,Indra,Â¿AÃºn no has solicitado tu beca para el #bootcamp de Desarrollo Web Full-stack en @TheBridge_Tech? Si tienes #discapacidad y una formaciÃ³n universitaria #STEM puedes recibir una de las 10 becas de @IndraCompany y @FUniversia ğŸ“²Â¡InscrÃ­bete ya!  https://t.co/wYjp06QE9c  https://t.co/bLDY1DVOKa,0,5,8
30,1495055146769915908,2022-02-19,295720842,soyelsimo,Pep Iberico,Yo he caÃ­do en el bootcamp de Data science de @TheBridge_Tech en madrid. Si valor agregado consiste en presionarte para que aprendas por tu cuenta. Si no aprendes es tÃº culpa porque su mÃ©todo es muy sÃ³lido. Aunque se queje el 50% de la clase.,0,1,0
31,1495710690950193155,2022-02-21,1162694149956603904,thebridge_tech,The Bridge,"Â¡Nuevos eventos para febrero y marzo! Talleres sobre #IA, #marketingdigital #empleabilidad, #ciber, #datascience Â¡No te los pierdas e inscrÃ­bete! â¬‡ï¸  https://t.co/bSsTjrDH8l  https://t.co/4b1jxJmMLO",0,0,0
32,1496021941483802630,2022-02-22,589903453,funiversia,FundaciÃ³n Universia,ğŸ“¢Â¡Ãšltima semana! AÃºn puedes solicitar una de las becas que otorgamos junto a @IndraCompany para la realizaciÃ³n de un #bootcamp de Desarrollo Web Full-stack en @TheBridge_Tech ğŸ’»  ğŸ’»10 #becas dirigidas a personas con #discapacidad con formaciones #STEM ğŸ“²  https://t.co/ubL3Gyg3Gl  https://t.co/yHUvz4zCXG,0,1,6
33,1496140777529004033,2022-02-22,1162694149956603904,thebridge_tech,The Bridge,"Si veis estos carteles por Sevilla, SÃ, SOMOS NOSOTROS! Aterrizamos en marzo con los #bootcamps en #DataScience y #DesarrolloWebFullStack Â¡Pide informaciÃ³n sin compromiso! En colaboraciÃ³n con @ENCamaraSevilla y @camaradesevilla ğŸ‘  https://t.co/V8mmlFAlEc  https://t.co/JUOBlK4F7V",0,2,2
34,1496865773582696449,2022-02-24,198936952,michaelpage_es,Michael Page EspaÃ±a,"Hace unos dÃ­as, nuestras compaÃ±eras InÃ©s Bdiri y Alba Calvo estuvieron en la Aceleradora de Talento digital @TheBridge_Tech para contar a sus alumnos las ""best practices"" en la bÃºsqueda de empleo y Â¡fue un Ã©xito! ğŸ‘  Â¡Gracias a todos los asistentes!ğŸ™Œ  https://t.co/JLvRI7z6Ti",0,0,0
35,1497118969236377601,2022-02-25,1162694149956603904,thebridge_tech,The Bridge,Â¡Gracias a vosotros! Los alumnos se llevaron grandes consejos y una visiÃ³n del mercado laboral en profesiones #tech desde la perspectiva de #seleccion y #recruitment ğŸ¤© @PagePersonnelES @michaelpage_es,0,0,1
36,1497165125752664112,2022-02-25,1162694149956603904,thebridge_tech,The Bridge,"Â¡#Datascientist mirad esto! âš½ğŸƒ CÃ³mo @LaLiga utiliza el dato y la inteligencia artificial (IA) para predecir cuÃ¡les son las mejores fechas para celebrar partidos, monitorizar la venta de entradas... Â¡Interesante conocer su filial @LaLigaTech!  https://t.co/HrEwHLEivh #datascience",0,0,1
37,1497198545333624832,2022-02-25,763323065199628288,insidezeusdata,Zeus,Nuestro PMO @vicencf da una clase a los alumnos de @TheBridge_Tech  en nuestras instalaciones ğŸš€  #bigdata #data #education  https://t.co/jiskmovU0m,0,1,4
38,1498212250481483778,2022-02-28,1162694149956603904,thebridge_tech,The Bridge,Gracias @insidezeusdata y @vicencf por la jornada formativa Â¡Fue toda una experiencia para nuestros alumnos de #Valencia! ğŸ¤—,0,0,2
39,1498249085337444355,2022-02-28,91372157,mynews_es,MyNews,"Toma contacto con el #marketingdigital de la mano de @TheBridge_Tech. Aprende a usar el contenido, el email, las redes sociales y la publicidad digital en este taller impartido por @jpereznavarreteğŸ“  ğŸ“…Jueves 3 de marzo, 18-19h (online)  #EventoDeLaSemana  #masterclass #MyNews",1,0,2
40,1499088433293185033,2022-03-02,414032513,pickyuan,PICKY,"@TheBridge_Tech @PagePersonnel Mi hijo y yo nos apuntamos con muchos dÃ­as de antelaciÃ³n Hoy a las 7 nos conectamos y aparece el mensaje ""Enlace caducado"": no nos hemos podido conectar Es una pena que, ademÃ¡s de tener que recurrir a lo on-line, con la frialdad que supone, ocurran estos fallos tÃ©cnicos Muy mal",2,0,0
41,1498939760462630913,2022-03-02,1162694149956603904,thebridge_tech,The Bridge,"Â¡Empezamos el 21 de marzo en #Sevilla! No te puedes perder este taller de empleabilidad con el que arrancamos ğŸš€ Entradas:  https://t.co/91M74qEah2 ğŸ“…Hoy a las 19h ğŸ“C/Isabela 1, Sevilla @ENCamaraSevilla  https://t.co/euWktCKqYp",0,0,1
42,1499395478563155968,2022-03-03,1162694149956603904,thebridge_tech,The Bridge,"@PICKYUAN @PagePersonnel Sentimos mucho el fallo tÃ©cnico. Revisaremos que pudo pasar, pueden conectarse a prÃ³ximos eventos o contactarnos si quieren mÃ¡s informaciÃ³n sobre la escuela llamar al 919 01 72 57 Â¡Gracias!",0,0,1
43,1499397820410851332,2022-03-03,742380996688023552,poder_liderazgo,@Poderyliderazgo.cl,[OpiniÃ³n] Por mÃ¡s mujeres lÃ­deres en tecnologÃ­a -  https://t.co/FqVeFL1ljq @TheBridge_Tech  https://t.co/TE5sXsBaAT,0,0,0
44,1499397980704546831,2022-03-03,742380996688023552,poder_liderazgo,@Poderyliderazgo.cl,[OpiniÃ³n] Por mÃ¡s mujeres lÃ­deres en tecnologÃ­a  https://t.co/FqVeFL1ljq  https://t.co/SFOFIEv1Uo @TheBridge_Tech  https://t.co/kBo9xGdGrU,0,0,0
45,1500124541137428490,2022-03-05,363153431,pablooliete,Pablo Oliete,DÃ­a para agradecer a @TheBridge_Tech y @Glovo_ES la oportunidad que han dado a estos dos cracks para formarse con @codeorg en programaciÃ³n por bloques en un curso de 48 horas de duraciÃ³n. Bravo ğŸ™Œ  ğŸ”ğŸ¦¸ğŸ»â€â™‚ï¸ğŸ¦¸ğŸ»â€â™€ï¸ğŸ­ğŸ‡ªğŸ‡¸  https://t.co/ZTCrroHQTc,0,0,13
46,1501530641610989581,2022-03-09,1162694149956603904,thebridge_tech,The Bridge,Â¡El #bootcamp de #Ciberseguridad de @TheBridge_Tech vuelve a estar entre los mejores bootcamps del mundo! Y este aÃ±o tambiÃ©n nos estrenamos con el de #DigitalMarketingOps que entra por primera vez en la lista de #CourseReport! Una sÃºper noticiağŸ‘ğŸ‘Â¡Gracias a todos! #bestbootcamps  https://t.co/3xShvybDST,1,2,2
47,1501543878692073472,2022-03-09,1162694149956603904,thebridge_tech,The Bridge,Faltan por salir las listas de #UXUIProductDesign #DataScience y #DesarrolloWebFullStack Â¡SerÃ­a estupendo volver a aparecer!,1,0,2
48,1502195577584500740,2022-03-11,1162694149956603904,thebridge_tech,The Bridge,Â¿AlgÃºn identificado en la sala? ğŸ˜‚  #desarrolloweb #css #fullstackdeveloper,0,0,0
49,1502360507365400587,2022-03-11,1162694149956603904,thebridge_tech,The Bridge,"ğŸ‘¾La #ciberseguridad, mÃ¡s necesaria que nunca.  El #sectortecnolÃ³gico pide mÃ¡s financiaciÃ³n y formaciÃ³n de profesionales para evitar ataques a sectores claves para la economÃ­a como energÃ­a, finanzas y transporte ğŸ”’Â  https://t.co/OxY8JpRavS",0,0,0
50,1503409219789328384,2022-03-14,1162694149956603904,thebridge_tech,The Bridge,Â¡Muy contentos por todos ellos! 100% empleabilidad en la promociÃ³n de junio. Gracias desde @TheBridge_Tech por confiar y ponerlo todo tan fÃ¡cil Â¡Felicidades! #fullstackdevelopers #datascientists #digitalmarketers #uxuidesigners #cybersecurityanalysts ğŸ¯ğŸ’¼  https://t.co/R0eGi9QXv5,0,1,3
51,1503513313648463877,2022-03-15,295720842,soyelsimo,Pep Iberico,@PICKYUAN @TheBridge_Tech @PagePersonnel Yo por experiencia te dirÃ­a que busques otra escuela. Cuando las cosas funcionan bien todo muy bonito ahora cuando noâ€¦ no hacen nada y te dicen que esto es lo que hay ğŸ˜…ğŸ¤¦â€â™‚ï¸,0,0,0
52,1503808574987935757,2022-03-15,1941897590,coursereport,Course Report,"ğŸ” We've combed through student &amp; alumni reviews to find the 17 Best Cyber Security Bootcamps of 2022, including @Level_Effect, @nexgent, @simplilearn, @Springboard, and @TheBridge_Tech!   https://t.co/t9VCetS80T  https://t.co/uhS3m8KSBT",0,2,3
53,1504380116792664064,2022-03-17,209496112,carlosguardiola,Carlos L. Guardiola,"En 2021, las instituciones que forman profesionales digitales con modelos de Bootcamp prepararon a mÃ¡s personas que el 94% de las universidades espaÃ±olas @Adalab_Digital @TheBridge_Tech @ironhack  https://t.co/zyzeLrNdLo",1,0,5
54,1504416870526590977,2022-03-17,1162694149956603904,thebridge_tech,The Bridge,"MÃ¡s de 300.000 expertos en #ciberseguridad se han unido en una especie de ""ejÃ©rcito IT"" en Ucrania para llevar a cabo ataques informÃ¡ticos contra infraestructuras y empresas rusas ğŸ‘¾ğŸ”“ https://t.co/CERWGVqWQw",0,0,0
55,1504525515247472649,2022-03-17,1941897590,coursereport,Course Report,"ğŸ‰ Congrats to @simplilearn, @TheBridge_Tech, @thinkful, and @udacity who made it on our list of the 14 Best Digital Marketing Bootcamps of 2022!  https://t.co/tgUf4qX2DX  https://t.co/MIhFTrM9lA",0,0,0
56,1504734193401618459,2022-03-18,1162694149956603904,thebridge_tech,The Bridge,"Â¡Comenzamos el #Desafiodetripulaciones âš” de la promo full time de noviembre! El tema de los proyectos: el #coliving, con la colaboraciÃ³n de @TheFringeLABS  Â¡No te pierdas las web apps que han creado! ğŸ”´EN DIRECTO  https://t.co/PepMdUmCMu",0,4,5
57,1506941441574117378,2022-03-24,1162694149956603904,thebridge_tech,The Bridge,"Â¿Crees que lo sabes todo?ğŸ¤“Â¡DÃ©jate sorprender! AdÃ©ntrate en el mundo de la #ProgramacionWeb y las criptomonedas, conoce la metolodogÃ­a #Scrum o profundiza en el #deeplearning. ApÃºntate a nuestros talleres gratuitos y amplÃ­a horizontes ğŸ‘‰ https://t.co/bYfstQB02R  https://t.co/O1Y4J6puMR",0,0,0
58,1507029045187387401,2022-03-24,1162694149956603904,thebridge_tech,The Bridge,Hoy han venido a visitarnos los alumnos de @itep_es de #DAM #ASIR y #MARKETING para conocer nuestro campus de Madrid y el futuro de profesiones tecnolÃ³gicas como las suyas Â¡Esperamos que hayais pasado una estupenda jornada! Sois los profesionales #techie del maÃ±ana ğŸ‘©â€ğŸ’»ğŸ§‘â€ğŸ’»  https://t.co/U1gPnU7TgI,0,0,1
59,1507059034146361344,2022-03-24,163586106,encamarasevilla,Escuela de Negocios,"La @camaradesevilla organiza junto al Grupo Planeta y su presidente JosÃ© Lara, este encuentro con las empresas #ClubCÃ¡mara para recoger las necesidades del #SectorTecnolÃ³gico y presentar nuestra oferta de #Bootcamps de la mano de @TheBridge_Tech  https://t.co/rJkWd5MKT8  https://t.co/J6SHTHXylM",0,4,7
60,1507711509467734019,2022-03-26,41545659,nodosenlared,Mario Lopez de Avila,"Jaime, estoy seguro de que en @TheBridge_Tech , la aceleradora de talento digital lÃ­der en nuestro paÃ­s, estarÃ­an encantados de ayudarte en la organizaciÃ³n de ese Hackhaton. Al menos yo lo estoy ğŸ˜‰",0,2,6
61,1508843117000249345,2022-03-29,1197839987867373568,vocentoeventos,vocentoEventos,2âƒ£ FORMACIÃ“N PARA EL FUTURO Y LAS NUEVAS PROFESIONES QUE VIENEN â–ªï¸ @JuanJoseJuarez (@FBertelsmann) â–ªï¸ @mortizcotro (@FundCreate) â–ªï¸ Iker Arce (@TheBridge_Tech) â–ªï¸ Gabriel Masfurroll (@UABBarcelona) Modera: Antonio San JosÃ© (@asanjoseperez) (@KreabEspana)  #ForoVocentoEducaciÃ³n  https://t.co/kMY2q5gEZE,1,1,3
62,1509126320386715655,2022-03-30,1402182570314539009,thefringelabs,TheFringe/LABS,Hemos colaborado con @TheBridge_Tech aportando el proyecto final de los alumnos para el DesafÃ­o de Tripulaciones y premiando a los 3 grupos con una donaciÃ³n para la ONG de su elecciÃ³n. IncreÃ­bles resultados en tiempo rÃ©cordğŸ¤© #apoyamoseltalentotech  https://t.co/vJ5HdV6gSN  https://t.co/LpSUpFtdfp,0,1,4
63,1509108619782111235,2022-03-30,1162694149956603904,thebridge_tech,The Bridge,Â¡LlegÃ³ el dÃ­a! Hoy es el #DesafiodeTripulaciones âš” en el campus de #Valencia Â¡Mucha suerte a toda esa primera promociÃ³n valenciana presentando sus sÃºper webapps! No te lo pierdas â–¶ Sigue ya el DIRECTO aquÃ­  https://t.co/lLXz2wKxaX  #datascience #fullstackwebdevelopment #bootcamp,0,2,1
64,1509101924699803650,2022-03-30,1197839987867373568,vocentoeventos,vocentoEventos,Seguimos con la 2mesa #ForoVocentoEducaciÃ³n: FormaciÃ³n para el futuro y las nuevas profesionales que vienen. Participan: â–ªï¸ @JuanJoseJuarez @FBertelsmann â–ªï¸ @mortizcotro @FundCreate â–ªï¸ Iker Arce @TheBridge_Tech â–ªï¸ Gabriel Masfurroll @UABBarcelona ğŸ”´DIRECTO  https://t.co/8xxFlqVpCP  https://t.co/3qAkFVQ9bs,0,2,8
65,1509074925654532099,2022-03-30,1162694149956603904,thebridge_tech,The Bridge,"A partir de las 11h nuestro CEO @ikerarceseco participa en el #ForoVocentoEducacion en el debate ""FormaciÃ³n para el futuro y las nuevas profesiones que vienen"" organizado por @Vocento (@vocentoeventos) y @KreabEspana. SÃ­gueloğŸ”´EN DIRECTO â¡  https://t.co/JFh6RBMBd4  https://t.co/RJvjrxULch",0,0,4
66,1509622664297693189,2022-03-31,1162694149956603904,thebridge_tech,The Bridge,"Cuando piensas en un hacker... Â¿Te imaginas a una mujer? ğŸ¤” ""Son muy pocas las mujeres que deciden apostar por estudios de tecnologÃ­a, hay que fomentar la inclusiÃ³n de las mujeres en un mercado laboral con un futuro muy prometedor"", explica @ikerarceseco ğŸ‘©â€ğŸ’» https://t.co/UQgHL1tLCQ",0,0,0
67,1511328611755827200,2022-04-05,1102950803843751936,assemblerinstit,Assembler Institute of Technology,"@raulcotrina @TheBridge_Tech @CraftCodeTech @CodeHouseLearn @CodenotchMAD @NeolandStudio @Adalab_Digital @IEuniversity @lemoncoders @codeworks @geeks_academy @penascalf5 Muy buenas RaÃºl, nos parece una idea increÃ­ble. Â¿Me dices donde te pasamos la informaciÃ³n de los cursos que tenemos actualmente?",1,0,0
68,1511329612260950019,2022-04-05,41110484,raulcotrina,RaÃºl Cotrina,@assemblerinstit @TheBridge_Tech @CraftCodeTech @CodeHouseLearn @CodenotchMAD @NeolandStudio @Adalab_Digital @IEuniversity @lemoncoders @codeworks @geeks_academy @penascalf5 Hola. Lo tenemos en formato Json en Git.  https://t.co/x2dnE2VFAB PodÃ©is hacer un PR ;),0,0,4
69,1511613451063410690,2022-04-06,1162694149956603904,thebridge_tech,The Bridge,"@AndreaMaganRey Hola Andrea Â¡QuÃ© gran trabajo! Estamos encantados de pasarte informaciÃ³n para que puedas completar ese listado, te mandamos un DM ğŸ‘",0,0,0
70,1511633207061630980,2022-04-06,127000294,beajmnz,Bea Jimenez,@TheBridge_Tech Â¡A vuestra disposiciÃ³n! Â¡Muchas gracias!,0,0,0
71,1511970979324518406,2022-04-07,1162694149956603904,thebridge_tech,The Bridge,En dos semanas empezamos los bootcamps Part Time (compatibles con trabajo/estudios) en #Sevilla y en @ENCamaraSevilla ya hay quiÃ©n ha empezado a calentar!!ğŸ’ª Â¿Preparados para lo que viene? ğŸ‘‰ https://t.co/1KbOQQK8iw,0,0,0
72,1512007299187027971,2022-04-07,227327854,burn_es,BURN EspaÃ±a ğŸ”¥,"Nos han contado que en @TheBridge_Tech se lo curran mucho... Hemos colado algÃºn que otro BURN, Â¿os viene bien una ayudita de energÃ­a? ğŸ”‹ğŸ”¥",1,1,6
73,1512026991578566657,2022-04-07,1162694149956603904,thebridge_tech,The Bridge,@burn_es Â¿AlgÃºn que otro? ğŸ˜ Toda energÃ­a extra es bienvenida y necesaria ğŸ”‹ğŸ”¥ Â¡Gracias @burn_es! Pronto haremos buen uso de ella...  https://t.co/p0uELS5eIf,0,0,0
74,1513473323589672963,2022-04-11,1162694149956603904,thebridge_tech,The Bridge,"ğŸ“…El 25 de abril estrenamos los #BurnMondaysğŸ”¥, con la colaboraciÃ³n de @burn_es, una oportunidad para que nuestr@s alum@s puedan presentar sus proyectos, hacer un taller... En definitiva, mostrar su talento alğŸŒ Â¡Save the date! â¡ Entradas  https://t.co/yzVCLHZXVd   #bootcamps  https://t.co/yZuTjBCGIf",0,1,0
75,1513848281801056258,2022-04-12,1609031,manufosela,MÃ¡nu Fosela,"De los 21, hay 7 desarrolladoras de @Adalab_Digital, 4 de @4GeeksAcademyES, 2 de @CodenotchMAD, 1 de @socratech_ , 1 de @TheBridge_Tech, 1 de @ITAcademy, 1 de @nebulova_es y de FP-DAW y autodidactas.",3,3,12
76,1513867656180477953,2022-04-12,1026530062923968513,codenotchmad,Codenotch,@manufosela @Adalab_Digital @4GeeksAcademyES @socratech_ @TheBridge_Tech @ITAcademy @nebulova_es Muy orgullosos de nuestros Top Notch CodersğŸš€ Mucho Ã¡nimo a esa 6Âª #GeneracionK  de  @kairos_ds con todo lo nuevoğŸ‘,0,0,0
77,1513807125205684224,2022-04-12,1162694149956603904,thebridge_tech,The Bridge,A la vuelta de #SemanaSantaSevilla tocağŸ‘‰ #bootcampsğŸ§‘â€ğŸ’»EspecialÃ­zate en #datascience o #desarrollowebfullstack con nuestros programas en colaboraciÃ³n con @ENCamaraSevilla Â¡Estudia en pleno centro de Sevilla! Y en unos meses sal a comerte el sector techğŸš€ https://t.co/1MQSzZSqLv  https://t.co/ggtxFWCV72,0,1,3
78,1516048336477995008,2022-04-18,604485175,bertinha84,Berta Otero,@alinnfm @TheBridge_Tech  https://t.co/0IWmJ42wab,0,0,0
79,1515933948001632256,2022-04-18,604485175,bertinha84,Berta Otero,Hoy empiezo en un ratito mi camino en el Ux/ui de la mano de @TheBridge_Tech en su bootcamp. Tengo un nudo enorme en el estÃ³mago y todas las ganas de aprender. A por todas voy!,5,1,6
80,1515944204127645701,2022-04-18,147003255,marcosdlcs,Marcos de la Calle,@bertinha84 @TheBridge_Tech Mucha suerte en la nueva aventura.  Â¡No olvides compartir tu camino y tus experiencias!   Seguro que son de utilidad para la comunidad.  ğŸ’ª,1,0,1
81,1515945939508375556,2022-04-18,604485175,bertinha84,Berta Otero,"@marcosDLCS @TheBridge_Tech Lo harÃ©, gracias Marcos ğŸ™‚",0,0,0
82,1515970019733258247,2022-04-18,1162694149956603904,thebridge_tech,The Bridge,@bertinha84 Ese nudo es presagio de algo bueno ğŸ˜†Â¡Bienvenida a @TheBridge_Tech ! Muchas horas de #UXUI te esperan ğŸ™Œ Â¡sin miedo!,0,0,1
83,1516044530348347394,2022-04-18,3063927221,alinnfm,ali,@bertinha84 @TheBridge_Tech Â¡Â¡Que emociÃ³n!! ğŸ¤— Todo lo bueno del mundo para ti en esta etapa ğŸ†,1,0,1
84,1516067228344533003,2022-04-18,397537147,andreamaganrey,Andrea,@bertinha84 @TheBridge_Tech A por ello @bertinha84  https://t.co/tz445Lv3mV,1,0,1
85,1516070347854028804,2022-04-18,604485175,bertinha84,Berta Otero,@AndreaMaganRey @TheBridge_Tech  https://t.co/fpGUkYnGX4,0,0,1
86,1516440085486575617,2022-04-19,1162694149956603904,thebridge_tech,The Bridge,"â–¶Os presentamos a JesÃºs, alumni reciÃ©n graduado del #bootcamp de #digitalmarketingops que tras acabar la carrera se lanzÃ³ en busca de una especializaciÃ³n en #MarketingDigital Â¡Gracias JesÃºs por compartir tu experiencia y mucha suerte! ğŸš€ MÃ¡s info ğŸ‘‰ https://t.co/GtnhQmDsGP  https://t.co/4VV7VDyjjP",0,0,1
87,1516505700595388430,2022-04-19,16512007,jmnavarro,JM,@bertinha84 @TheBridge_Tech ğŸ‘ğŸ»ğŸ‘ğŸ»ğŸ‘ğŸ»  ğŸ™ŒğŸ»,0,0,1
88,1516740060346929153,2022-04-20,91124440,mrentem,MaÃ¯ R. Entem ğŸ‘©â€ğŸ’»ğŸ‡ªğŸ‡¦ğŸ‡¨ğŸ‡µğŸ‡ªğŸ‡ºğŸ‡¸ğŸ‡¬ğŸŒğŸš£â€â™€ï¸,@TheBridge_Tech Otro de los placeres de haber pasado unos meses en esas aulas!! ğŸ˜‰ğŸ‘©ğŸ»â€ğŸ’»,0,0,1
89,1516642121729679362,2022-04-20,67597387,alicesilverpol,Alice Silver ğŸ³ï¸â€ğŸŒˆ,"Actualmente acoge las oficinas de The Bridge, una aceleradora de talento digital ğŸ“· @TheBridge_Tech  https://t.co/xgWzxnqdOI",1,0,8
90,1516687246241550337,2022-04-20,1162694149956603904,thebridge_tech,The Bridge,"Â¡QuÃ© bonito es nuestro palacio! ğŸ˜ Todo un privilegio para alumnos, profes y staff poder disfrutar de este espacio en pleno centro de Madrid.",1,0,3
91,1517111329374543873,2022-04-21,1162694149956603904,thebridge_tech,The Bridge,Â¡Gracias a vosotros!,0,0,1
92,1517147713254526978,2022-04-21,1162694149956603904,thebridge_tech,The Bridge,"Â¿Unimos #psicologÃ­a, diseÃ±o #uxui y #realidadvirtual? La respuesta: SÃ! Te invitamos a la mesa redonda del 28 de abril en @TheBridge_Tech donde trataremos el diseÃ±o ux desde el punto de vista del tratamiento de las fobias a travÃ©s de la #vr. Entradas ğŸ‘‰ https://t.co/JGOpD7p2rO",0,0,0
93,1517121644682256385,2022-04-21,1360217897008791554,gemmarbar,Gemma R.B.,@MujeresaSeguir @Globant @TheBridge_Tech Apuntado en la agenda ğŸ‘Œ,0,0,0
94,1517103356346617856,2022-04-21,220072811,itep_es,ITEP FormaciÃ³n,"ğŸ“¢Como ya sabÃ©is, antes de #SemanaSanta, nuestro alumnado de la #FPinformÃ¡ticağŸ’» visitaron @TheBridge_Tech. Gracias a su trato hacia #ITEPğŸ”µ y su colaboraciÃ³n os ofrecemos nuevas imÃ¡genes de esa actividadâ€¼ï¸ En ellas queda patente el interÃ©s de la cita ğŸ‘ŒğŸ»  https://t.co/nt0LFYitDB",0,1,4
95,1517423870483042304,2022-04-22,734674933217931265,mujeresaseguir,Mujeres a Seguir,Mercedes Mac Pherson @Globant : 'Hay un desconocimiento grande del poder de transformaciÃ³n de la tecnologÃ­a' #mujerytecnologÃ­a @TheBridge_Tech  https://t.co/OFDlmziC1y,0,0,2
96,1517396691443490816,2022-04-22,15942584,capgemini_es,capgemini_es,@MujeresaSeguir @Globant @TheBridge_Tech QuÃ© gran panel!,0,0,0
97,1517409914792075264,2022-04-22,734674933217931265,mujeresaseguir,Mujeres a Seguir,"A dÃ­a de hoy, el 41 % de las  investigaciones pÃºblicas las hacen mujeres. Descubre mÃ¡s datos en numerosas jornada @TheBridge_Tech #mujerytecnologÃ­a   https://t.co/bNRyoB4h6y  https://t.co/ZBQ4299zQW",0,0,0
98,1517417898133884928,2022-04-22,734674933217931265,mujeresaseguir,Mujeres a Seguir,'Hay que tener una apertura de mente en los modelos educativos' MarÃ­a Rotondo @Telefonica  AquÃ­ te dejamos el enlace para seguirnos en streaming  https://t.co/ABQkBBLKmT #mujerytecnologÃ­a @Globant @TheBridge_Tech  https://t.co/dB8tF3prJv,0,0,2
99,1517418437777240065,2022-04-22,734674933217931265,mujeresaseguir,Mujeres a Seguir,"'Nunca se progresa desde el miedo. Hay que arriesgarse disfrutando', Irene Cano @Meta #mujerytecnologÃ­a @TheBridge_Tech @Globant  https://t.co/yaoUnWJIs6",0,1,4
100,1517419666938998784,2022-04-22,734674933217931265,mujeresaseguir,Mujeres a Seguir,"Carmen Artigas, secretaria de Estado de DigitalizaciÃ³n e Inteligencia Artificial de Asuntos EconÃ³micos y TransformaciÃ³n Digital: 'Es nuestro momento. El momento de las mujeres' #mujerytecnologÃ­a @Globant @TheBridge_Tech  https://t.co/gLjyCQPBRH",0,3,5
101,1517420242120683520,2022-04-22,734674933217931265,mujeresaseguir,Mujeres a Seguir,Comienza nuestra segunda mesa 'CÃ³mo construir un futuro que nos representa'. AquÃ­ te dejamos el enlace para seguirnos en streaming  https://t.co/ABQkBBLKmT #mujerytecnologÃ­a @Globant @TheBridge_Tech  https://t.co/kApsKZ04SD,0,0,2
102,1517421295373271041,2022-04-22,734674933217931265,mujeresaseguir,Mujeres a Seguir,Sara GÃ³mez @RainG 'La sociedad no sabe lo que hacemos los ingenieros y los tecnÃ³logos' #mujerytecnologÃ­a @TheBridge_Tech @Globant  https://t.co/lYFyIZuW3J,0,1,5
103,1518529871969988608,2022-04-25,1162694149956603904,thebridge_tech,The Bridge,"""Necesitaba formaciÃ³n tÃ©cnica para potenciar mi empleabilidad"", cuenta nuestra alumni Clara BayÃ³n a @el_pais ğŸ—Tras hacer el #bootcamp en #ciberseguridad ahora trabaja en @DeloitteDE Check it out! ğŸ‘‰ https://t.co/XGIPZfmtx6  https://t.co/7jrVa74qTG",0,0,0
104,1518607234976161792,2022-04-25,1162694149956603904,thebridge_tech,The Bridge,"Este jueves Job Market Place en @TheBridge_Tech con @spaingeneration La feria de empleo con el mejor talento de #marketingdigital @AccentureSpain, @Siliconhr1, ... participarÃ¡n en busca del mejor talento. Si eres empresa y quieres participar ğŸ‘‰ https://t.co/0n4iufzfmi  https://t.co/A51YStbfjF",0,0,0
105,1518909298688077825,2022-04-26,227327854,burn_es,BURN EspaÃ±a ğŸ”¥,Tenemos que decir que el BURN Mondays de ayer con @TheBridge_Tech fue muy top! ğŸ”â€‹â¤ï¸â€ğŸ”¥,1,1,3
106,1518910838987501570,2022-04-26,1978768458,cogitivalencia,COGITI Valencia,#ESTAPASANDO Talento y competencias digitales #SP22 InÃ©s Garcia @TheBridge_Tech Enric Montesa @COEV_COM Leticia Gonzalvez Directora marketing @sesamehr_ La competencia digital demandada en las empresas no son las bÃ¡sicas que todos tenemos.  https://t.co/orPM5iTbPE,1,0,3
107,1518967719516909568,2022-04-26,4295874994,kairos_ds,KairÃ³s DS,"Nuestra Head de Data &amp; IA @quierodata, estarÃ¡ maÃ±ana en las oficinas de @TheBridge_Tech, para hablar de las oportunidades de crecimiento profesional dentro de KairÃ³s DS.ğŸ¤©   @IrnMM la acompaÃ±arÃ¡ resolviendo cualquier duda sobre KairÃ³s DSâ€¦   Â¿Te veremos allÃ­?ğŸ§¡  #OrgulloKairÃ³s  https://t.co/0hUC9XkPxF",0,5,7
108,1518963397701906433,2022-04-26,535255114,berrocalruben,RubÃ©n Berrocal,"Los compaÃ±eros de @TheBridge_Tech nos hablan de #softskills en IT, en #devspega junto a @flyncercom  El valor diferencial de todo profesional.  https://t.co/0On5h6N9hR",0,0,0
109,1519359124219338752,2022-04-27,604485175,bertinha84,Berta Otero,"Acabo de escuchar la charla de @kairos_ds en @TheBridge_Tech. Ahora que todo lo que tengo que aprender me abruma. Escuchar que si llego a la meta, me esperarÃ¡ una empresa asÃ­ (ojalÃ¡), un equipo en el que se respire ese buen rollo y amor por el trabajo, me da fuerza para pelear",0,0,8
110,1519225678335459328,2022-04-27,431035304,irnmm,Irene M Morgado ğŸŒˆ,Esto es hoy!  Nos vemos en @TheBridge_Tech con @quierodata para hablar de crecimiento dentro de @kairos_ds ğŸ§¡,0,1,5
111,1519338659111178242,2022-04-27,53089020,gabinha,GabiÃ±a,@pmdr_1189 @TheBridge_Tech Lamentablemente,0,0,1
112,1519208638136602626,2022-04-27,1162694149956603904,thebridge_tech,The Bridge,@burn_es Prueba de ello ğŸ“¸ğŸ”¥  https://t.co/7SWL2ionj3,0,1,2
113,1519432213061943303,2022-04-27,3294953441,jm_torralba_,Jose Maria Torralba,MaÃ±ana estarÃ© junto a @LucaMefisto en una mesa redonda en @TheBridge_Tech donde hablaremos de la relaciÃ³n que hay entre #psicologia y la #realidadvirtual. Pinta interesante!!â€¦,0,1,6
114,1519706866703638529,2022-04-28,3294953441,jm_torralba_,Jose Maria Torralba,En breve empezamos la charla sobre RV y PsicologÃ­a! Todo ready! @TheBridge_Tech  https://t.co/lW3fvKhcGZ,0,1,14
115,1519712433740386308,2022-04-28,2979740235,spaingeneration,Generation Spain,"Â¡Gracias a todos por el dÃ­a de hoy! ğŸ˜ğŸ˜  De la mano de: @AccentureSpain , Bonus Studios, @Making_Science_ @SomosMiogroup , Silicon HR , y @TheBridge_Tech hemos podido acercar el futuro talento digital hacia el mundo laboral ğŸ” ğŸ”   #talent #empresas #marketing #BeGeneration  https://t.co/wLbzhtXb94",0,0,1
116,1521871017714589699,2022-05-04,1162694149956603904,thebridge_tech,The Bridge,"ğŸ¤©Â¿Quieres conocer el talento digital que llevas dentro? Â¡Ven a nuestro Open Day y descÃºbrelo!   ğŸ“…Viernes 20 de mayo 11.15h en Paseo de Recoletos 15, Madrid.  ğŸŸSaca tus entradasğŸ‘‡ğŸ‘‡ https://t.co/qq3WqsydKv",0,0,0
117,1522114536286920704,2022-05-05,15993641,arey,Amalio A. Rey,La 2da presentaciÃ³n del #LibroIC en #Madrid serÃ¡ el J26Mayo(18:30) en @TheBridge_Tech acompaÃ±ados por  TÃ­scar Lara (@tiscar) y Mario LÃ³pez de Ãvila (@nodosenlared) sobre impacto de la #IC en el diseÃ±o y gestiÃ³n de las organizaciones. +Info/inscripciones:  https://t.co/OVzv1SdR7x,0,2,4
118,1522231140656066561,2022-05-05,1162694149956603904,thebridge_tech,The Bridge,ğŸ‘ğŸš€Lanzamos una nueva ediciÃ³n de las #becas Digital Talent Pipeline para cursar un #bootcamp en junio y septiembre Â¿Quieres solicitar la tuya? Plazo hasta el 30 de mayo Â¡Date prisa #digitaltalent! â¡ https://t.co/PXFR0q85F7  https://t.co/qwiGSm4WOI,0,1,0
119,1523574457549623296,2022-05-09,1162694149956603904,thebridge_tech,The Bridge,"Â¡Vamos con los talleres de mayo! Este mes tenemos un montÃ³n de #freeevents ğŸ‘©â€ğŸ’»Metaverso, OSINT, Sistemas de diseÃ±o UX/UI, un coloquio sobre educaciÃ³n ... Â¡No esperes mÃ¡s y saca ya tu entrada! ğŸŸ https://t.co/Nlwg6cTDOa  https://t.co/zWjT1I2AER",0,0,0
120,1524053162323283968,2022-05-10,1162694149956603904,thebridge_tech,The Bridge,Â¡â€Letâ€™s talk about educationâ€! Os invitamos a la primera sesiÃ³n del nuevo ciclo de conferencias sobre #educaciÃ³n @ikerarceseco y @victorianoi debatirÃ¡n sobre los datos en el sector y descubriremos @graphext plataforma de #datascience no code. EntradasğŸŸ  https://t.co/ksTzmzqqLQ,1,0,1
121,1524117624174653441,2022-05-10,1162694149956603904,thebridge_tech,The Bridge,"ğŸ‘¾ El caso #Pegasus, un ejemplo mÃ¡s de #ciberespionaje que pone en relevancia la necesidad de expertos en #ciberseguridad  Te contamos quÃ©s es ğŸ•µï¸â€â™€ï¸ y para quÃ© fue creado ğŸ‘‡  https://t.co/kyzgkQDZ8N",0,0,0
122,1524738407603310594,2022-05-12,1162694149956603904,thebridge_tech,The Bridge,"ğŸ“»Los #bootcamps son para ""cualquier persona que quiera un empleo tecnolÃ³gico de calidad"", como bien explican InÃ©s GarcÃ­a Clariana y @AmparoGalbis1 en ""La Tarde con Marina"" en @999plazaradio. Escucha la entrevista completa de nuestro equipo de #ValenciağŸ”Š https://t.co/7HNlE0vpmO",0,1,0
123,1524795347352051712,2022-05-12,1162694149956603904,thebridge_tech,The Bridge,"Descubre las posibilidades y misterios que oculta el #metaverso con @HavasGroupES ğŸ˜ Hablaremos de tipos de metaverso, estrategias de onboarding, casos reales... Â¡Promete ser muy interesante! PrÃ³ximo 19 de mayo a las 17.30h. Consigue tus entradas ğŸŸ https://t.co/KxeTH2ICpc",0,0,0
124,1525051913317801984,2022-05-13,2907682397,graphext,graphext,"Next week our CEO @victorianoi will be at @Thebridge_tech with @ikerarceseco to discuss the education sector ğŸ“ from a data-driven perspective. Join us online or at Paseo de Recoletos, 15, Madrid, to debate the challenges and opportunities the sector facesğŸš€",0,0,2
125,1525047381234003968,2022-05-13,577561266,apedreroes,Alberto Pedrero,@TheBridge_Tech @ikerarceseco @victorianoi @graphext Hola @TheBridge_Tech. Â¿Por quÃ© es obligatorio dar el nÃºmero de telÃ©fono para un evento que es en lÃ­nea?,0,0,0
126,1525556372129169411,2022-05-14,50588675,alberto_blanco,Alberto Blanco,"Sin desmerecer el espectÃ¡culo del 28 de mayo en Paris, el 26 a las 18:30 en Madrid, @arey presenta su #libroIC en @TheBridge_Tech Entradas aquÃ­  https://t.co/4MM6HyxTrf",0,0,1
127,1526133158743359488,2022-05-16,15993641,arey,Amalio A. Rey,La 2da presentaciÃ³n-coloquio del #LibroIC en #Madrid serÃ¡ el J26Mayo(18:30) en @TheBridge_Tech con TÃ­scar Lara (@tiscar) y Mario LÃ³pez de Ãvila (@nodosenlared)  +InformaciÃ³n e inscripciones:  https://t.co/OVzv1SdR7x Â¡Â¡CompÃ¡rtelo!!,0,4,4
128,1526479745185198080,2022-05-17,114739070,pdelapublicidad,PeriÃ³dico PublicidAD,Los perfiles tecnolÃ³gicos mÃ¡s demandados en el futuro @TheBridge_Tech  https://t.co/j93jBWSLij,0,2,1
129,1526576722350686208,2022-05-17,1162694149956603904,thebridge_tech,The Bridge,Â¿Con ganas de probar si un empleo tecnolÃ³gico es para ti? Ven a los talleres del campus de #Sevilla @ENCamaraSevilla   24 Mayo â¡Taller #DataScience  25 Mayo â¡Taller #DesarrolloWebFullStack 26 Mayo â¡Taller #Ciberseguridad 1 Junio â¡ Open Day  ğŸŸEntradas  https://t.co/Cp05ZJBqVa  https://t.co/Vyqa1l94hr,0,2,2
130,1526842834741039105,2022-05-18,1336771626306854912,bcasapp,Bcas,"Â¿CÃ³mo combatir el paro juvenilğŸ¥µ? #tipdeldia En un paÃ­s con una tasa de paro rÃ©cord, hay que elegir bien dÃ³nde y quÃ© estudiar.  Si os querÃ©is especializar en el sector digital, os animamos a hacerlo con @TheBridge_Tech, que cuenta con un 92% de empleabilidad... Â¡Y CON BECA ğŸ‘‡!  https://t.co/2OBZSnVk7r",1,4,8
131,1526886949839065088,2022-05-18,1162694149956603904,thebridge_tech,The Bridge,Gracias @victorianoI y equipo por el anÃ¡lisis con @graphext de los datos en educaciÃ³n y tecnologÃ­a que vimos ayer en la primera charla de #letstalkabouteducation en @TheBridge_Tech y que pudimos debatir con @ikerarceseco Sin duda aprendimos mucho Â¡Volved cuando querÃ¡is! ğŸ§µHilo ğŸ“Š  https://t.co/wZSVGve1sn,0,0,0
132,1526946552492789760,2022-05-18,1162694149956603904,thebridge_tech,The Bridge,"Esta es la historia de IsisğŸ¤— que decidiÃ³ hacer un cambio en su vida profesional haciendo el #bootcamp de #uxui. Ahora, compagina su trabajo con el de Teacher Assistant en @TheBridge_Tech. El camino es duro pero seguro darÃ¡ sus frutosğŸ‘©â€ğŸ’»Â¡Gracias Isis por compartir tu experiencia!  https://t.co/1UHKZW0UxN",0,0,0
133,1527312943397806080,2022-05-19,1162694149956603904,thebridge_tech,The Bridge,Â¡QuÃ© poco queda para el prÃ³ximo ğŸ”¥Burn MondayğŸ”¥! Lunes 23 de mayo a las 18h. aplicaremos la #IA en un viaje por obras pictÃ³ricas y hablaremos de la metodologÃ­a de un Hackaton con dos alumnis de #DataScience Â¡Saca tu entrada y ven a tomarte un @burn_es!ğŸ”‹â¬‡  https://t.co/6mNJvlmi9F,0,2,0
134,1528638307516694529,2022-05-23,15993641,arey,Amalio A. Rey,#LastMinute La 2da presentaciÃ³n del #LibroIC en #Madrid serÃ¡ este jueves (18:30) en @TheBridge_Tech acompaÃ±ados por TÃ­scar Lara (@tiscar) y Mario LÃ³pez de Ãvila (@nodosenlared). +Info e inscripciones aquÃ­:  https://t.co/OVzv1SdR7x,0,3,4
135,1528641426975760389,2022-05-23,987388686,juanluispavon1,Juan Luis PavÃ³n,"Conoce las 25 ofertas de #empleo de la empresa sevillana @Galgus, creadora de tecnologÃ­a #WiFi de primer nivel mundial, y descubre tambiÃ©n ofertas de empleo en #Sevilla de @PFDrive @HotelColonGM  @GrupoElecnor @TheBridge_Tech @beteling, etc. Ver mÃ¡s:  https://t.co/9lJwB9yIAl  https://t.co/k8bFhZV5tx",0,3,8
136,1528647207594909696,2022-05-23,4628161,tiscar,TÃ­scar Lara,Este jueves nos vemos en @TheBridge_Tech para hablar sobre inteligencia colectiva a propÃ³sito del nuevo libro de @amaliorey y la compaÃ±Ã­a de @nodosenlared. En el blog avanzo algunos detalles:  https://t.co/rVXQw1TTf2,0,1,2
137,1528650844094271490,2022-05-23,41545659,nodosenlared,Mario Lopez de Avila,"""El libro de la inteligencia colectiva""   https://t.co/tUyIEoFlP9 artÃ­culo de @tiscar sobre la presentaciÃ³n que del libro de @arey haremos esta semana en @TheBridge_Tech  Plazas limitadas, inscripciones en  https://t.co/Oht7sRlBPh  https://t.co/wICvbVbVqi",0,3,6
138,1528696920729956352,2022-05-23,1528649918306557952,nachooatm82,Nacho Esteban,Terminando el desafio de tripulaciones en @TheBridge_Tech,0,0,0
139,1529037374340177920,2022-05-24,163586106,encamarasevilla,Escuela de Negocios,Â¿Te gustarÃ­a explorar el sector #tech? Ven a los talleres que organiza @TheBridge_Tech en @ENCamaraSevilla   ğŸ—“ï¸26 Mayo ğŸ‘‰â€‹ Taller #Ciberseguridad ğŸ—“ï¸30 MayoğŸ‘‰â€‹ Taller #DesarrolloWebFullStack ğŸ—“ï¸31 Mayo ğŸ‘‰â€‹Taller #DataScience  Â¡InscrÃ­bete ahora! â¤µï¸â€‹  https://t.co/9r5ZHRKwOs  https://t.co/bbKEDUkY6Y,0,1,3
140,1529043482895175680,2022-05-24,1162694149956603904,thebridge_tech,The Bridge,"En el #BurnMondayğŸ”¥ de ayer se hablo mucho de #DataScience y conocimos en quÃ© estÃ¡n trabajando dos alumnis del #bootcamp Â¡Gracias por participar! Â¡Aprendimos un montÃ³n sobre datos, hackatones, algoritmos, virus y ARTE! ğŸ”¥ğŸ”‹ Â¡Gracias @burn_es!  https://t.co/yistzsLg9Z",0,1,1
141,1529755786129326082,2022-05-26,15993641,arey,Amalio A. Rey,Ayer fue 1ra presentaciÃ³n del #LibroIC bajo el abrigo de @zuloark y con la compaÃ±Ã­a de @rosajpereda y @tutuytu. Unas 20 personas y fue estupendo. Mil gracias a todo/as. Hoy seguimos por #Madrid. 2da presentaciÃ³n en @TheBridge_Tech a las 18:30:  https://t.co/OVzv1SdR7x  https://t.co/9L9DsQ4EYE,0,1,9
142,1529843349200551937,2022-05-26,4628161,tiscar,TÃ­scar Lara,Esta tarde estarÃ© acompaÃ±ando a @arey en la presentaciÃ³n de su libro sobre Inteligencia Colectiva en @TheBridge_Tech junto a @nodosenlared y un pÃºblico de lujo,2,0,7
143,1529843607750025217,2022-05-26,29497240,c_magro,Carlos Magro,@tiscar @arey @TheBridge_Tech @nodosenlared AhÃ­ nos vemos ;-),1,0,2
144,1529844720783998977,2022-05-26,4628161,tiscar,TÃ­scar Lara,@c_magro @arey @TheBridge_Tech @nodosenlared Ya sabÃ­a yo que el pÃºblico era de lujo ğŸ˜‰,1,0,1
145,1529845766453436418,2022-05-26,29497240,c_magro,Carlos Magro,@tiscar @arey @TheBridge_Tech @nodosenlared yo soy mÃ¡s prÃªt Ã  porter ;-),1,0,1
146,1529849297105215493,2022-05-26,10575102,juanjobrizuela,Juanjo Brizuela,@c_magro @tiscar @arey @TheBridge_Tech @nodosenlared cuidadme a Amalio plis ;),1,0,3
147,1529853209870745600,2022-05-26,29497240,c_magro,Carlos Magro,@juanjobrizuela @tiscar @arey @TheBridge_Tech @nodosenlared Ni lo dudes ;-),0,0,2
148,1529889830376722433,2022-05-26,148160316,nohelisruiza,Nohelis Ruiz A. #Lifehacker,"Gran #libro de @arey   Gracias por tan valiosa y profunda aportaciÃ³n, posibles soluciones y propuestas de aplicaciÃ³n  presentaciÃ³n en @TheBridge_Tech  https://t.co/JYHdfdfyFz",0,0,3
149,1529936081273208847,2022-05-26,103409751,cibermarikiya,MarÃ­a SÃ¡nchez GonzÃ¡lez (ğŸ“Œ tiempos hÃ­bridos),@tiscar @arey @TheBridge_Tech @nodosenlared Vaya cracks os habÃ©is juntadoğŸ’ªğŸ˜‰,0,0,2
150,1530102538015592448,2022-05-27,15993641,arey,Amalio A. Rey,"Ayer fue un dÃ­a entraÃ±able, presentando el #LibroIC con @tiscar y @nodosenlared en @TheBridge_Tech. Â¡Â¡Nivelazo!! Preguntas retadoras, conversaciÃ³n nutriente, y asistentes de lujo. Â¡Hemos estado 2 horas conversando! No se puede pedir mÃ¡s. Gracias a todo/as  https://t.co/MjYX5zIa8J",0,3,7
151,1530089190951624704,2022-05-27,1162694149956603904,thebridge_tech,The Bridge,Hoy es dÃ­a de #DesafÃ­oDeTripulaciones âš” en el campus de MadridğŸ™Œ L@s alum@s han creado soluciones digitales en colaboraciÃ³n con @ASEAF_ISN Â¡SÃ­guelo ğŸ”´EN DIRECTO y conoce quÃ© proyectos han desarrollado!  https://t.co/2XOMclP9YP Â¡Empezamos!,0,0,1
152,1531235220501897218,2022-05-30,1088043591681871872,laproductconfes,La Product Conf & LPCx EspaÃ±a,"Si aÃºn estÃ¡s con el buen recuerdo de la charla de @MercadonaTech en #LPCMAD22, tenemos second round en junio:  ğŸ™ï¸ #LPCxMAD sobre el ciclo de vida de Objetivos en Mercadona Tech. ğŸ—“ï¸ Martes 14 junio, 18.30h ğŸ“Œ @TheBridge_Tech ğŸ™‹ Â¡Aforo limitado! ApÃºntate en:  https://t.co/YRVNBg6IWn",0,0,2
153,1531248145656688641,2022-05-30,541058739,digitalbourne,Digital Bourne,"La historia relaciona el paseo de Recoletos, la #FeriaDelLibro y la @BNE_biblioteca. El jueves pasado asistÃ­ a la presentaciÃ³n de â€œEl libro de la inteligencia colectivaâ€ #Iclibro de @arey en la sede de @TheBridge_Tech al lado del @Cafegijon acompaÃ±ado de @tiscar y @nodosenlared.",0,2,6
154,1531647853348761601,2022-05-31,541058739,digitalbourne,Digital Bourne,@GuillermoDeHaro @Gonzalomartin @Recuenco @Alienta @heavymental @TheBridge_Tech Segundo pÃ¡rrafo y ya he descubierto un juguete nuevo. Feliz de ser el mÃ¡s Ã¡grafo de la habitaciÃ³n ğŸ˜œ  https://t.co/tRr2jTJxg0,0,0,2
155,1531644786679103492,2022-05-31,1162694149956603904,thebridge_tech,The Bridge,ğŸ‘Â¡Tenemos grandes noticias! Lanzamos nuevo #bootcamp en #Cloud &amp; #DevOps â˜ï¸ en septiembre en Madrid y remoto. Â¿#CloudComputing? Â¿Y eso quÃ© es?   DescÃºbrelo en nuestra sesiÃ³n informativağŸ§ https://t.co/GBakix1Qr5 MÃ¡s infoğŸ‘‰ https://t.co/T2LlMqtAv8  https://t.co/D7vKxKE3do,0,2,2
156,1531640813800783872,2022-05-31,541058739,digitalbourne,Digital Bourne,@GuillermoDeHaro @Gonzalomartin @Recuenco @Alienta @heavymental @TheBridge_Tech Info sobre @Alienta con todos los horarios de sus autores firmando en #FeriaDelLibroMadrid2022 ;),0,0,2
157,1531639992174493696,2022-05-31,541058739,digitalbourne,Digital Bourne,"@GuillermoDeHaro @Gonzalomartin @Recuenco @Alienta @heavymental @TheBridge_Tech Un pequeÃ±o avance del libro, en la editorial @Alienta nos ponen los dientes largos con las primeras pÃ¡ginas ğŸ‘‡  https://t.co/8SO1QkPgYN",2,1,3
158,1531605926272282627,2022-05-31,541058739,digitalbourne,Digital Bourne,@GuillermoDeHaro @Gonzalomartin @Recuenco @Alienta @heavymental @TheBridge_Tech ğŸ™,1,0,2
159,1531602152887619587,2022-05-31,7154412,recuenco,Javier G. Recuenco,@Gonzalomartin @DigitalBourne @GuillermoDeHaro @Alienta @heavymental @TheBridge_Tech @EventbriteES Silenzio Stampa.  https://t.co/QFGHNtDxUC,0,0,2
160,1531601751056470016,2022-05-31,7631142,gonzalomartin,Gonzalo MartÃ­n,@DigitalBourne @GuillermoDeHaro @Recuenco @Alienta @heavymental @TheBridge_Tech @EventbriteES La mafia tiene sus reglas. This thing of us.,2,0,3
161,1531601583984844802,2022-05-31,541058739,digitalbourne,Digital Bourne,"@Gonzalomartin @GuillermoDeHaro @Recuenco @Alienta @heavymental @TheBridge_Tech No sufras, podÃ­a ser peor: si no es por @EventbriteES ni me entero. Lo mÃ¡s gracioso es que el jueves pasado estuve en una presentaciÃ³n de un libro en @TheBridge_Tech y no soltaron prenda :)",1,0,3
162,1531600636646674433,2022-05-31,7631142,gonzalomartin,Gonzalo MartÃ­n,@DigitalBourne @GuillermoDeHaro @Recuenco @Alienta @heavymental @TheBridge_Tech A mi es que no me invitan a nada. He quedado como un influencer de pacotilla.,1,0,2
163,1531600004074426369,2022-05-31,541058739,digitalbourne,Digital Bourne,@GuillermoDeHaro @Gonzalomartin @Recuenco @Alienta @heavymental @TheBridge_Tech Alguna pista para navegantes:  https://t.co/XvXCl6HN6F,0,0,1
164,1531599841276706817,2022-05-31,541058739,digitalbourne,Digital Bourne,"@GuillermoDeHaro @Gonzalomartin @Recuenco @Alienta Jajaja cÃ³mo lo sabes.  Ya he visto que se han agotado todas las entradas en la presentaciÃ³n junto con la grabaciÃ³n de @heavymental en @TheBridge_Tech. Guillermo, la legiÃ³n de seguidores necesita saber caseta y dÃ­a de la #FLM2022 #FeriaDelLibroMadrid2022 en la que firmas ;)",3,0,2
165,1531602132138438658,2022-05-31,541058739,digitalbourne,Digital Bourne,@Gonzalomartin @GuillermoDeHaro @Recuenco @Alienta @heavymental @TheBridge_Tech @EventbriteES Es asÃ­.,0,0,1
166,1535693940132806658,2022-06-11,1255794072280842240,heavymental_es,Heavy Mental,"@PesetJairo @TheBridge_Tech @GuillermoDeHaro @Recuenco @Alienta Jairo, a lo mejor damos sorpresa y lo emitimos.. no serÃ¡ igual pero estamos trabajando en ello para todos los que os habÃ©is quedado fuera!!",1,0,4
167,1535694017714847745,2022-06-11,1255794072280842240,heavymental_es,Heavy Mental,@adriskou @TheBridge_Tech @GuillermoDeHaro @Recuenco @Alienta Trabajando en tenerlo grabado para todos vosotros... informaremos!,0,0,1
168,1535884891870863360,2022-06-12,944737177,pedroaeriaa,Pedro around the clouds,@HeavyMental_es @TheBridge_Tech @GuillermoDeHaro @Recuenco @Alienta Me comentan por lÃ­nea interna que habrÃ¡ demostraciÃ³n estoica en vivo.,1,0,4
169,1535885427307069440,2022-06-12,7154412,recuenco,Javier G. Recuenco,@PedroAeriaa @HeavyMental_es @TheBridge_Tech @GuillermoDeHaro @Alienta Guillermo en concreto.,1,0,2
170,1535929691051368448,2022-06-12,1255794072280842240,heavymental_es,Heavy Mental,"@lahabitacioncr1 @Sergio_Berbis @kawenzotz @Nique_Brique @_miki @Recuenco @DavidAlayon Si @TheBridge_Tech tiene en Sevilla sede ahÃ­ que iremos seguro, ya somos amiguis :)",0,0,2
171,1536045384275050496,2022-06-12,175063066,pocerillo,P,@HeavyMental_es @TheBridge_Tech @GuillermoDeHaro @Recuenco @Alienta Â¡Gracias por contar con la comunidad! De aquÃ­ a llenar el wizink center hay un escaloncito...,0,0,3
172,1536321996367224838,2022-06-13,962578275162869760,pesetjairo,Jairo P,@HeavyMental_es @TheBridge_Tech @Atorrerus @Mulder01198676 @joansabater @pelayoarbues @adriskou @estodopornada Gracias por intentarlo pero las seÃ±ales me dicen que no debÃ­a estar (mala suerte que trabajando 3h sueltas los lunes me haya pillado trabajando xdd). Me tocarÃ¡ esperarme a la ediciÃ³n de Valencia ğŸ”¥ğŸ¤˜ğŸ˜‰,0,0,0
173,1536427396437577728,2022-06-13,56674550,na5ho,Nacho CG,"@HeavyMental_es @TheBridge_Tech @Atorrerus @Mulder01198676 @joansabater @PesetJairo @pelayoarbues @adriskou @estodopornada No ha podido ser, otra vez serÃ¡.  Gracias en cualquier caso por la iniciativa ğŸ˜‰",0,0,2
174,1536361884009615361,2022-06-13,55193695,pelayoarbues,Pelayo ArbuÃ©s,@HeavyMental_es @TheBridge_Tech @Atorrerus @Mulder01198676 @joansabater @PesetJairo @adriskou @estodopornada yo que iba a hacer reventa...,0,0,2
175,1536313018321190912,2022-06-13,18955785,javimostoles,Javi PÃ©rez âš¡ ğŸ˜ Learning by doing. ğŸ¦¾ ğŸ’» ğŸ“š ğŸš€,Lo conseguÃ­!!! Gracias @TheBridge_Tech  @HeavyMental_es,0,0,1
176,1536365482680401921,2022-06-13,1493264171705765890,mulder01198676,Mulder,@HeavyMental_es @TheBridge_Tech @Atorrerus @joansabater @PesetJairo @pelayoarbues @adriskou @estodopornada EstÃ¡n cotizadÃ­simas!... las entradas  @HeavyMental_es son el Dogecoin del universo podcasting. #Tothemoooooon  https://t.co/Ddn73iUJ0y,0,0,2
177,1536310998319210496,2022-06-13,10614452,pcontrer,Pablo J. Contreras.,@TheBridge_Tech @HeavyMental_es @Alienta Â¡La tengo!,0,0,2
178,1536310702876549123,2022-06-13,1255794072280842240,heavymental_es,Heavy Mental,Lo prometimos y han llegado gracias a @TheBridge_Tech ... Ãºltimas entradas para el podcast 27 en directo :D  cc @Atorrerus @Mulder01198676 @joansabater @PesetJairo @pelayoarbues @adriskou @estodopornada,4,2,6
179,1536310176801857538,2022-06-13,1162694149956603904,thebridge_tech,The Bridge,"Â¡Ãšltimas1âƒ£0âƒ£entradas! El lunes 27 de junio acogeremos la grabaciÃ³n de ""El sentido de la vida ya no es 42"" un episodio del podcast de @HeavyMental_es, donde presentarÃ¡n ""El pequeÃ±o libro de la filosofÃ­a estoica"" de @Alienta Si quieres asistir como pÃºblicoğŸ‘‰ https://t.co/Vp0zHYIRua",6,2,4
180,1536311923423203331,2022-06-13,15521945,wmurphy,Bill Murphy,@TheBridge_Tech @HeavyMental_es @Alienta Â¡Y yo! Que buena forma de empezar la semana.,0,0,1
181,1536267654717132801,2022-06-13,1434890317640126469,sergio_berbis,Sergio Berbis,"@HeavyMental_es @PesetJairo @TheBridge_Tech @GuillermoDeHaro @Recuenco @Alienta Inocente de mi, que lo daba por hecho...",0,0,2
182,1536710498712006660,2022-06-14,1162694149956603904,thebridge_tech,The Bridge,"Â¡Lanzamos las becas @viewnext para estudiar #Cloud &amp; #DevOps â˜ï¸! Si quieres formarte en una profesiÃ³n con futuro y alta demanda, infÃ³rmate sobre las becas para estudiar un #bootcamp en @TheBridge_Tech ğŸ™Œ Solicita la tuya â¡  https://t.co/pvfZneLd1d  https://t.co/li3VtNpZDo",0,0,1
183,1536745017036918793,2022-06-14,1088043591681871872,laproductconfes,La Product Conf & LPCx EspaÃ±a,AquÃ­ estamos ğŸ˜Š a punto de comenzar #LPCxMAD con @MercadonaTech en @TheBridge_Tech  Ga-na-zas!! ğŸ™Œ  https://t.co/Z35gVk2i1x,1,1,4
184,1536966880866586626,2022-06-15,421798449,vlctechhub,VLCTechHub,Hoy @TheBridge_Tech a las 18:00: Taller Data Science Valencia: Mi primera aplicaciÃ³n de web de IA  https://t.co/DbwCfYaaX3,0,1,1
185,1538882376138477569,2022-06-20,1162694149956603904,thebridge_tech,The Bridge,Â¡Llega la 1Âª #TechTalks en #Valencia!ğŸ™Œ Un encuentro con @LORIOTio @sesamehr_ y @feending en el que nos contarÃ¡n su visiÃ³n de negocio ligada a la tecnologÃ­a y debatiremos sobre la importancia de perfiles digitales ğŸŸÂ¡Saca ya tu entrada!ğŸ‘‡@uchceu  https://t.co/42tVP5NZ4Y,1,0,1
186,1539164971765989378,2022-06-21,874916978665938945,startup_vlc,Startup Valencia,Â¿Quieres aprender sobre #ciberseguridad? ğŸ‘©â€ğŸ’»  La aceleradora de #talento digital @TheBridge_Tech organiza esta tarde un taller en #Valencia en el que aprenderÃ¡s a utilizar algunas herramientas bÃ¡sicas de la mano de los mejores profesores ğŸ‘¥  Â¡RegÃ­strate! âœ  https://t.co/IhiitXLjHT  https://t.co/SfcT0HbRow,0,0,4
187,1539280728978071553,2022-06-21,1474204478983348227,danilohuertas_h,danilo huertas,"@TheBridge_Tech @LORIOTio @sesamehr_ @feending @uchceu Buenas, disculpad, se estÃ¡ emitiendo ya la charla sobre GOOGLE ADS desde cero??  No puedo acceder desde ZOOM",0,0,0
188,1539550883331166213,2022-06-22,1162694149956603904,thebridge_tech,The Bridge,"ğŸ“¢MiÃ©rcoles 6 de julio, 18h evento con @GoogleES donde hablaremos de #CloudComputingâ˜ï¸ las nuevas herramientas como #kubernetes #Serverless #CI #CD y los perfiles que actualmente necesitan las empresas #devops #cloud   ğŸŸSaca ya tus entradasğŸ‘‡   https://t.co/4TxR37UlfR",0,0,0
189,1539565619728814082,2022-06-22,1493264171705765890,mulder01198676,Mulder,"@HeavyMental_es @TheBridge_Tech @GuillermoDeHaro @Recuenco @Alienta Â¡Â¡Â¡Que poco queda ya para el evento!!!  @_miki te pillo en ""La Coru"" y nos hacemos un blablacar? podrÃ­a salir un podcast dpm de ahÃ­ ğŸ˜‚.  https://t.co/cptLyWZ7Ip",0,0,3
190,1541123745078824965,2022-06-26,779899,jatorrero,Juan Antonio Torrero,"@HeavyMental_es @TheBridge_Tech ğŸ˜ğŸ˜ğŸ˜ Triste es de pedir, pero mÃ¡s triste es de robar.   Si alguno no va a Ãºltima hora, mis DMs estÃ¡n abiertos.",1,0,5
191,1541062348970115072,2022-06-26,1255794072280842240,heavymental_es,Heavy Mental,"@CarlosLGonzalez @TheBridge_Tech Yes, seguramente martes a la misma hora en todos lados :)",0,0,2
192,1541061827169230848,2022-06-26,49154622,carloslgonzalez,Carlos Gonzalez,@HeavyMental_es @TheBridge_Tech Puta vida... Los sudacas nos jodemos... Me quedarÃ© tomando mientras espero que tengan piedad de nosotros y lo publiquen en Youtube... Porque de Twitch no se nada,1,0,3
193,1541048623261171718,2022-06-26,1493264171705765890,mulder01198676,Mulder,@HeavyMental_es @TheBridge_Tech  https://t.co/TFD31c8i61,0,0,1
194,1541057117045530626,2022-06-26,49154622,carloslgonzalez,Carlos Gonzalez,@HeavyMental_es @TheBridge_Tech No va en directo por ninguna plataforma!!???,1,0,1
195,1541046264539893760,2022-06-26,1255794072280842240,heavymental_es,Heavy Mental,"ğŸ•£ TIC, TAC: MAÃ‘ANA os vemos a todos a las 7.30pm en nuestro evento en directo en MADRID en @TheBridge_Tech   ğŸš¨Para los que no vayÃ¡is, TRANQUILOS, seguramente el martes lo emitamos para todos vosotros :D",6,7,17
196,1541060983476584448,2022-06-26,1255794072280842240,heavymental_es,Heavy Mental,"@CarlosLGonzalez @TheBridge_Tech SÃ­, vida real se llama.",1,0,1
197,1541445192925978625,2022-06-27,1255794072280842240,heavymental_es,Heavy Mental,@vmcasamayor @TheBridge_Tech @Recuenco @Alienta ğŸ™„ @TheBridge_Tech,0,0,1
198,1541492108703531008,2022-06-27,212364786,designetworking,Gonzalo OsÃ©s,"@joobid lanzando la pregunta del millÃ³n de euros a @GuillermoDeHaro sobre ""El Pollo Pepe"", que nos marca la X del mapa de @HeavyMental_es, hacia la esencia del 42 o la transcendencia del sentido de la vida que plantea el estoicismo como nos recuerda @Recuenco  en @TheBridge_Tech  https://t.co/8ft1LaMH47",1,1,6
199,1541484295465959427,2022-06-27,212364786,designetworking,Gonzalo OsÃ©s,Gracias a @TheBridge_Tech por facilitar la desvirtualizaciÃ³n de tuiteros que nos encontramos alrededor de @HeavyMental_es y las turras del @Recuenco,0,0,2
200,1541493843316580354,2022-06-27,212364786,designetworking,Gonzalo OsÃ©s,Primera micro clase de un profe de @TheBridge_Tech a los @HeavyMental_es &amp; @GuillermoDeHaro  https://t.co/r9T6R29Sg2,0,0,3
201,1541494873265676289,2022-06-27,276656109,joobid,Jorge OrdovÃ¡s,"@designetworking @GuillermoDeHaro @HeavyMental_es @Recuenco @TheBridge_Tech Alguien tenÃ­a que preguntarlo. No quiero hablar de plagio, que es palabra gruesa, pero buena parte de los fundamentos del libro de @GuillermoDeHaro y @Recuenco estaba ya en El Pollo Pepe. Y lo saben  https://t.co/Jtt4XVIsCT",2,2,11
202,1541496472541315073,2022-06-27,212364786,designetworking,Gonzalo OsÃ©s,"@joobid @GuillermoDeHaro @HeavyMental_es @Recuenco @TheBridge_Tech InspiraciÃ³n para innovar. La clave no es quien inventa, si no, quiÃ©n traduce a la masa citando a quien inventa.",0,0,1
203,1541523364094906370,2022-06-27,276656109,joobid,Jorge OrdovÃ¡s,@designetworking @GuillermoDeHaro @HeavyMental_es @Recuenco @TheBridge_Tech Pero debo reconocer que el premio por preguntar sobre la influencia de El Pollo Pepe en la obra literaria de @Recuenco y @GuillermoDeHaro ha merecido la pena. @HeavyMental_es fidelis ğŸ¤˜  https://t.co/0bmUpQuoBN,0,1,8
204,1541448970123223040,2022-06-27,140757340,roberballester,Roberto Ballester,@TheBridge_Tech @HeavyMental_es @Alienta Casi! Justo estaba rellenando datos ğŸ¤£,0,0,1
205,1541445570925133825,2022-06-27,62495833,vmcasamayor,Vicente Marco,@TheBridge_Tech @Recuenco @HeavyMental_es @Alienta tendrÃ© que colarme?  https://t.co/sfp5t11RPi,0,0,2
206,1541445021068627969,2022-06-27,62495833,vmcasamayor,Vicente Marco,@TheBridge_Tech @Recuenco @HeavyMental_es @Alienta pero quedan entradas o no? Cojone!,1,0,3
207,1541266958259306496,2022-06-27,230190180,bombabarros,Miguel barros guerra,"@HeavyMental_es @TheBridge_Tech @GuillermoDeHaro @Recuenco @Alienta Si hay que bajar al barro, se baja.",0,0,2
208,1541403726182858753,2022-06-27,1255794072280842240,heavymental_es,Heavy Mental,"@joobid @TheBridge_Tech @Recuenco @GuillermoDeHaro Si claro, Miki no tiene otra cosa que hacer",1,0,1
209,1541403632104620033,2022-06-27,7154412,recuenco,Javier G. Recuenco,@joobid @HeavyMental_es @TheBridge_Tech @GuillermoDeHaro DÃ©jalo cortocircuitado en Always on.,0,0,1
210,1541403277752995841,2022-06-27,276656109,joobid,Jorge OrdovÃ¡s,@HeavyMental_es @TheBridge_Tech Â¿Me llevo el botÃ³n para el directo de hoy @Recuenco @GuillermoDeHaro?  https://t.co/CSjtCXQ64B,2,0,2
211,1541347694802882567,2022-06-27,779899,jatorrero,Juan Antonio Torrero,"@HeavyMental_es @TheBridge_Tech Si al final el ""de pedir"" funciona  https://t.co/1A2PyYMAol",0,0,1
212,1541334998892036096,2022-06-27,1255794072280842240,heavymental_es,Heavy Mental,"@jatorrero @TheBridge_Tech Juan Antonio, te mandamos dm para que te vengas que hay hueco!",1,0,2
213,1541303566597496833,2022-06-27,1454470440513122305,navarro_batista,Ãngel navarro batista,"@HeavyMental_es @TheBridge_Tech Moviendo satÃ©lites pero ya!!. Huy, Â¿y si piensan que son sat Rusos?. Al riesgo que mola.",0,0,1
214,1541297237485035520,2022-06-27,1255794072280842240,heavymental_es,Heavy Mental,@navarro_batista @TheBridge_Tech En orbyt ya si eso.,1,0,1
215,1541294547489136640,2022-06-27,1454470440513122305,navarro_batista,Ãngel navarro batista,@HeavyMental_es @TheBridge_Tech Que se grabe para el Orbe. Toy en otra plataforma.,1,0,1
216,1541266817624203264,2022-06-27,230190180,bombabarros,Miguel barros guerra,@HeavyMental_es @TheBridge_Tech @GuillermoDeHaro @Recuenco @Alienta El plan // La ejecuciÃ³n  https://t.co/z6upT5d5Zn,1,1,4
217,1541477869620281345,2022-06-27,12085582,diegodl,diegodl,"Hoy tenemos invitados en @TheBridge_Tech. Los chicos de @HeavyMental_es y @GuillermoDeHaro  hablando sobre el sentido de la vida, o algo  https://t.co/sGeJVf3HFN",0,0,2
218,1541403967581831169,2022-06-27,276656109,joobid,Jorge OrdovÃ¡s,"@HeavyMental_es @TheBridge_Tech @Recuenco @GuillermoDeHaro Cada vez que pulsas la frase es distinta, no hace falta ni editar luego...",0,0,1
219,1541470520658493440,2022-06-27,212364786,designetworking,Gonzalo OsÃ©s,"Que nos dice Pedro SÃ¡nchez, que si le compramos todos los libros del @Recuenco y @GuillermoDeHaro nos invita a unas caÃ±as en @TheBridge_Tech por el encuentro de @HeavyMental_es  https://t.co/hdJRlA1QD8",0,0,3
220,1541557726777692161,2022-06-28,230190180,bombabarros,Miguel barros guerra,"@HeavyMental_es @Mulder01198676 Resultado apabullante de los locales, el pÃºblico enloqueciÃ³ con el juego de su equipo y no dejaron de animar hasta que fueron desalojados. MuchÃ­simas gracias!!! @HeavyMental_es @_miki @Recuenco @DavidAlayon @GuillermoDeHaro @moquintana @TheBridge_Tech  https://t.co/osw6AlqUgq",1,1,6
221,1541558488001822725,2022-06-28,1255794072280842240,heavymental_es,Heavy Mental,@Bombabarros @Mulder01198676 @_miki @Recuenco @DavidAlayon @GuillermoDeHaro @moquintana @TheBridge_Tech Gracias por venir y buen viaje de vueltaâ€¦ eres top!!,0,0,3
222,1541850071456792578,2022-06-28,144581964,fernandojsg,Fernando Serrano ğŸ‡ºğŸ‡¦,@HeavyMental_es @DavidAlayon @Recuenco @_miki @GuillermoDeHaro @TheBridge_Tech Mens sana in corpore sano  https://t.co/PJJ7Eg0KPQ,0,0,8
223,1541849377177747456,2022-06-28,144581964,fernandojsg,Fernando Serrano ğŸ‡ºğŸ‡¦,"@HeavyMental_es @DavidAlayon @Recuenco @_miki @GuillermoDeHaro @TheBridge_Tech Recuenco, el hÃ©roe que no merecemos, pero el que necesitamos...  https://t.co/ajOJwjO5BD",2,0,16
224,1541830701863034880,2022-06-28,427660452,antonio_muniz_c,Antonio MuÃ±iz,"@GuillermoDeHaro @Mulder01198676 @HeavyMental_es @DavidAlayon @Recuenco @_miki @TheBridge_Tech Jajajaja lo voy a buscar solo para darle laik, errete y suscribirme.   Puto genio Mulder",0,0,3
225,1541826498650406913,2022-06-28,317352917,mtortosal,Mayte Tortosa Laso,"@HeavyMental_es @DavidAlayon @Recuenco @_miki @GuillermoDeHaro @TheBridge_Tech Yo no pude ir...ğŸ˜­ğŸ˜­ğŸ˜­ğŸ˜­ğŸ˜­ Por tema serio.. Felicidades!!!! Os lo merecÃ©is, locos maravillosos de @HeavyMental_es! @_miki, @davidalayon y @Recuenco ğŸ‘ğŸ»ğŸ‘ğŸ»ğŸ‘ğŸ»ğŸ‘ğŸ» la vida es mÃ¡s vida y salvaje mental  gracias a vosotros.  Esperando merchandising para verano!!  https://t.co/gwG9cndOaA",0,0,3
226,1541817440207884288,2022-06-28,276656109,joobid,Jorge OrdovÃ¡s,"@didacjo1 @_miki @samuelgil He de decir que luego pusieron cervezas, pero porque se estiraron los de @TheBridge_Tech... para el prÃ³ximo evento @HeavyMental_es lo del currasco tiene que estar sÃ­ o sÃ­  https://t.co/euwFxXpDNs",0,0,2
227,1541798453923221508,2022-06-28,271028835,valientesempren,Valientes Emprendedores,"La empresa de formaciÃ³n de talento y competencias digitales, @TheBridge_Tech , acaba de anunciar una ronda de financiaciÃ³n por un total de 5 millones de euros liderada por Atitlan  https://t.co/AProTjb79k",0,3,5
228,1541777929968967683,2022-06-28,1482505294232043523,didacjo1,didacjo,@HeavyMental_es @DavidAlayon @Recuenco @_miki @GuillermoDeHaro @TheBridge_Tech No os olvidÃ©is de cargar bien la pala que llega la recesiÃ³n  https://t.co/RGJccI8lSY,0,0,2
229,1541770768123658243,2022-06-28,803255406,moquintana,MÃ³nica Quintana,@GuillermoDeHaro @Mulder01198676 @HeavyMental_es @DavidAlayon @Recuenco @_miki @TheBridge_Tech Siempre se puede firmar el pollo en lugar de la pata. Ya tÃº sabeh,0,0,2
230,1541770632991764480,2022-06-28,803255406,moquintana,MÃ³nica Quintana,"@Mulder01198676 @GuillermoDeHaro @HeavyMental_es @DavidAlayon @Recuenco @_miki @TheBridge_Tech Jajaja, eso espero, sÃ­",0,0,2
231,1541770429097975815,2022-06-28,1493264171705765890,mulder01198676,Mulder,@moquintana @GuillermoDeHaro @HeavyMental_es @DavidAlayon @Recuenco @_miki @TheBridge_Tech Ups!!! Lo siento @moquintana en nada estas haciendo nuevas excursiones por la jungla! ğŸ’ªğŸ¼ğŸ˜ƒ,1,0,5
232,1541770149031809024,2022-06-28,803255406,moquintana,MÃ³nica Quintana,@Mulder01198676 @GuillermoDeHaro @HeavyMental_es @DavidAlayon @Recuenco @_miki @TheBridge_Tech Poca broma con lo de romperse las piernas. Â¡Ains!,1,0,4
233,1541768275146719233,2022-06-28,1493264171705765890,mulder01198676,Mulder,"@GuillermoDeHaro @moquintana @HeavyMental_es @DavidAlayon @Recuenco @_miki @TheBridge_Tech Fimarme las patas, me suena a romperme las piernas y firmarme la escayoala! en quÃ© estais pensando???  https://t.co/RwITuAdVOU",1,0,3
234,1541765922775498756,2022-06-28,1493264171705765890,mulder01198676,Mulder,@moquintana @GuillermoDeHaro @HeavyMental_es @DavidAlayon @Recuenco @_miki @TheBridge_Tech Por supuesto! ğŸ˜‰,0,0,4
235,1541765527051304960,2022-06-28,803255406,moquintana,MÃ³nica Quintana,"@Mulder01198676 @GuillermoDeHaro @HeavyMental_es @DavidAlayon @Recuenco @_miki @TheBridge_Tech Â¡AhÃ­, ahÃ­, nuestro libro jugando con la primera liga!  En cuanto a la firma, por supuesto que sÃ­. Te podemos firmar la mesa, tambiÃ©n ğŸ¤£",2,0,6
236,1541859665570664448,2022-06-28,1434890317640126469,sergio_berbis,Sergio Berbis,@fernandojsg @HeavyMental_es @DavidAlayon @Recuenco @_miki @GuillermoDeHaro @TheBridge_Tech Y queremos.,0,0,3
237,1541751543770357763,2022-06-28,1493264171705765890,mulder01198676,Mulder,@GuillermoDeHaro @HeavyMental_es @DavidAlayon @Recuenco @_miki @TheBridge_Tech Pues ya tengo para las otras 3 patas ğŸ¤£   @DavidAlayon @moquintana teneis una firma pendiente para uno de estos ğŸ˜‰  https://t.co/sXd1RPXmTi,1,1,6
238,1541751877213331459,2022-06-28,779234238977675264,danieldanigran,Daniel Granados,"@Recuenco @PauMugarra @HeavyMental_es @DavidAlayon @_miki @GuillermoDeHaro @TheBridge_Tech La edad no perdona, en cuclillas te caÃ­as...y te has tenido que sujetar, con cierto estilo, lo reconozco. Enhorabuena por la jornada",0,0,2
239,1541563017241976835,2022-06-28,212364786,designetworking,Gonzalo OsÃ©s,"Gracias @HeavyMental_es por la elocuencia de @Recuenco, la disciplina de @DavidAlayon, y la perfecta felicidad de @_miki para crear el Ã¡gora en @TheBridge_Tech: @GuillermoDeHaro @jatorrero @PedroAeriaa @mevasjimenez @joobid @marianosarmient @fyustas1 @_sergiosanjuan y otros 42ğŸ‘  https://t.co/iPKI9axebY",0,0,10
240,1541674892390719490,2022-06-28,1003872445,paumugarra,Pau Mugarra,@HeavyMental_es @DavidAlayon @Recuenco @_miki @GuillermoDeHaro @TheBridge_Tech QuÃ© le pasa a Javier en la foto? Esa pose no es normal ğŸ™ˆ,3,0,2
241,1541675702487072768,2022-06-28,15993641,arey,Amalio A. Rey,"@Recuenco Que guay, supervisora de lujo y buen sitio. Saludos a los amigos de @TheBridge_Tech @nodosenlared",0,1,3
242,1541676593323573249,2022-06-28,7154412,recuenco,Javier G. Recuenco,@PauMugarra @HeavyMental_es @DavidAlayon @_miki @GuillermoDeHaro @TheBridge_Tech Que intentaba no tapar a nadie de detrÃ¡s.,2,0,1
243,1541681065802309632,2022-06-28,1043115222,senra_chriss,Christian Senra,@Recuenco @PauMugarra @HeavyMental_es @DavidAlayon @_miki @GuillermoDeHaro @TheBridge_Tech  https://t.co/nvnvqHVF9u,0,0,4
244,1541678686751133698,2022-06-28,1162694149956603904,thebridge_tech,The Bridge,Gracias @HeavyMental_es por la tarde de ayer y a todos los asistentes Â¡Ã‰xito absoluto! ğŸ™ğŸ‘,0,4,22
245,1541690507600056320,2022-06-28,1255794072280842240,heavymental_es,Heavy Mental,@Mulder01198676 @PauMugarra @DavidAlayon @Recuenco @_miki @GuillermoDeHaro @TheBridge_Tech SÃ­ a todo,1,0,1
246,1541703736749424641,2022-06-28,276656109,joobid,Jorge OrdovÃ¡s,@HeavyMental_es @DavidAlayon @Recuenco @_miki @GuillermoDeHaro @TheBridge_Tech Recuenco pose  https://t.co/5likSnfZUI,0,0,12
247,1541735069995376640,2022-06-28,401397656,farmainquieto,FarmaInquieto,@PauMugarra @HeavyMental_es @DavidAlayon @Recuenco @_miki @GuillermoDeHaro @TheBridge_Tech Nunca dejarÃ¡ de ser el Enfant terrible,0,0,2
248,1541738588190216198,2022-06-28,147255980,k4rliky,Love is my message,"@HeavyMental_es @DavidAlayon @Recuenco @_miki @GuillermoDeHaro @TheBridge_Tech Recuenco haciendo Break dance, lo prÃ³ximo beatbox",0,0,5
249,1541749770208911360,2022-06-28,1493264171705765890,mulder01198676,Mulder,"@HeavyMental_es @DavidAlayon @Recuenco @_miki @GuillermoDeHaro @TheBridge_Tech Joder, estoy encantado de haber sido el mÃ¡s tonto de ESA habitaciÃ³n!  https://t.co/NDcYvsfaKV",1,0,3
250,1541682809370300417,2022-06-28,1493264171705765890,mulder01198676,Mulder,@PauMugarra @HeavyMental_es @DavidAlayon @Recuenco @_miki @GuillermoDeHaro @TheBridge_Tech Aterrizaje de superheroe.  https://t.co/eogE03ZSwR,1,0,5
251,1542224482710028291,2022-06-29,1255794072280842240,heavymental_es,Heavy Mental,@carlosmdh @UbaldoHervas @DavidAlayon @Recuenco @_miki @GuillermoDeHaro @TheBridge_Tech Yes!! ;) ;),1,0,3
252,1542238336894603265,2022-06-29,14661878,carlosmcabo,carlosmcabo,@HeavyMental_es @TheBridge_Tech Buscando el pollo ğŸ£,0,0,1
253,1542225533546762243,2022-06-29,10671232,_miki,Miki ãƒ„,@carlosmdh @HeavyMental_es @UbaldoHervas @DavidAlayon @Recuenco @GuillermoDeHaro @TheBridge_Tech  https://t.co/Ig6QQ9fk47,0,0,3
254,1542224097089822726,2022-06-29,40046861,carlosmdh,Carlos M. Diaz,@HeavyMental_es @UbaldoHervas @DavidAlayon @Recuenco @_miki @GuillermoDeHaro @TheBridge_Tech El segundo por la derecha de la primera fila es mikki?,1,0,3
255,1542225403242332161,2022-06-29,40046861,carlosmdh,Carlos M. Diaz,"@HeavyMental_es @UbaldoHervas @DavidAlayon @Recuenco @_miki @GuillermoDeHaro @TheBridge_Tech Te me tienes que cuidar ehhhh  y por cierto, colleja por venir a Madrid, hacer un podcast en directo y no avisarme  Capullo!!! ğŸ¤£ğŸ¤£ğŸ¤£ğŸ¤£",1,0,4
256,1542206287915585536,2022-06-29,1255794072280842240,heavymental_es,Heavy Mental,El sentido de la vida ya no es 42 -- Light Mental ediciÃ³n especial @TheBridge_Tech  https://t.co/z7hOVln8Bp,2,3,23
257,1542151630128381953,2022-06-29,3319318173,loriotio,LORIOT,"We had a great time yesterday at #TechTalks, talking to all the motivated and ambitious students from the CEU Cardenal Herrera in #ValenciağŸ™Œ  Our #IoT #business #vision and our solution/ front-end development were the main topicsğŸ’ª  Thank you @TheBridge_Tech!  ğŸš€ğŸš€ğŸš€  https://t.co/cqTiiRyEkA",1,3,9
258,1542124257114734595,2022-06-29,3175666499,eleconomistacv,elEconomistaCV,#Atitlan invierte en una una ronda de financiaciÃ³n de 5 millones de euros en @TheBridge_Tech   https://t.co/7eN3zLMYpg a travÃ©s de @elEconomistaes,0,1,3
259,1542075584158830594,2022-06-29,1162694149956603904,thebridge_tech,The Bridge,"Â¡Un placer tener ayer a empresas como @sesamehr_ , @feending y @LORIOTio con nosotros en la #TechTalksValencia! ğŸ¤—Descubriendo un poquitoâ•del sector y de cÃ³mo funciona y se trabaja en un negocio digital ğŸ“²  #sectortech #digitaltalent #empleabilidad  https://t.co/GGyoigRCQt",0,4,4
260,1542208686881390592,2022-06-29,1437833350732034050,javierpolaris,Javier Polaris,No todo va a ser trabajar!! Equipo UCuber #TheBridge @TheBridge_Tech  #FullStack #javascript30  https://t.co/u6K9rWwoqb,0,0,0
261,1542413891124301826,2022-06-30,1437833350732034050,javierpolaris,Javier Polaris,Hoy master class de  @figma  y UIX en @TheBridge_Tech   https://t.co/fybYqXpUL6,0,0,1
262,1542415478618050560,2022-06-30,1073622740,coitcv,COITCV/AVIT,"ğŸ¤ Gracias al convenio firmado con @TheBridge_Tech trabajaremos de forma conjunta en la realizaciÃ³n de cursos, jornadas, actividades formativas, foros de discusiÃ³n y asesoramiento mutuo en las acciones desarrolladas por ambas entidades.    https://t.co/gNPhADnlkk",0,0,1
263,1542425851899281408,2022-06-30,1162694149956603904,thebridge_tech,The Bridge,@LORIOTio @dariodotzero @insidezeusdata @sesamehr_ Thank you! It was a pleasure and a very interesting talk about innovation and businessğŸ¤—,0,0,1
264,1542448899645968384,2022-06-30,12085582,diegodl,diegodl,@NadaQueGanarPod Estais invitados desde ya a hacer el primero de la prÃ³xima en @TheBridge_Tech y no se que lios os traeis con @_miki pero si quereis combo hay hueco,0,0,1
265,1542460541800783872,2022-06-30,284115545,ceeivalencia,CEEI Valencia,"ğŸ“¢Nos alegra muchÃ­simo contaros esta gran noticia: tendremos el placer de contar con @TheBridge_Tech, un acuerdo que nos permitirÃ¡ ofrecer mÃ¡s herramientas para acelerar el talento digital a nuestras #startups ğŸ‘  @AmparoGalbis1 @RamonCEEIVLC   https://t.co/Mkhinty1B6",0,2,4
266,1542888003965689858,2022-07-01,874916978665938945,startup_vlc,Startup Valencia,Atitlan liderarÃ¡ la ronda de financiaciÃ³n de 5 millones de euros de la escuela @TheBridge_Tech ğŸ’°  La empresa de formaciÃ³n de #talento ha irrumpido en el sector de la educaciÃ³n poniendo el foco en la #digitalizaciÃ³n y las nuevas tecnologÃ­as ğŸ“š  https://t.co/YoTetHhIKx,0,0,4
267,1542929123546464261,2022-07-01,1018473762902114304,eioua_aprendiz,"Eioua, o aprendiz","@HeavyMental_es @TheBridge_Tech Por favor, a ver si podeis empezar a mejorar el sonido. Muchas veces el primer paso es mÃ¡s de la mitad del camino",0,0,0
268,1542778977718341632,2022-07-01,604485175,bertinha84,Berta Otero,"Adeus rÃ­os, adeus fontes...TerriÃ±a, volvo pronto. Madrid allÃ¡ voy! Ya se ve cerca el final del bootcamp y voy a terminarlo de forma presencial. Un mes, un Ãºltimo empujÃ³n. @TheBridge_Tech",1,1,5
269,1542808979293847554,2022-07-01,1162694149956603904,thebridge_tech,The Bridge,@bertinha84 Â¡Vamos @bertinha84 Ã¡nimo! Te esperamos con los brazos abiertosğŸ¤—,0,0,1
270,1543134908935200769,2022-07-02,89141857,emprenemjunts,Emprenemjunts,"ğŸ¤ğŸ¼ @ceeivalencia y @TheBridge_Tech, primera aceleradora de talento digital, firman un convenio de colaboraciÃ³n:  https://t.co/8neFc4j8i4  ğŸ¯ Complementar la formaciÃ³n tÃ©cnica del nuevo talento, entre sus principales objetivos.",0,0,2
271,1544373102997655552,2022-07-05,89141857,emprenemjunts,Emprenemjunts,"ğŸ¤ğŸ¼ @ceeivalencia y @TheBridge_Tech, primera aceleradora de talento digital, firman un convenio de colaboraciÃ³n:  https://t.co/8neFc4j8i4  ğŸ¯ Complementar la formaciÃ³n tÃ©cnica del nuevo talento, entre sus principales objetivos.",0,0,0
272,1544334529145573376,2022-07-05,1162694149956603904,thebridge_tech,The Bridge,ğŸ¤—Â¡Ãšltimos #OpenDay antes de vacaciones!ğŸ» 3 jornadas de puertas abiertas de manera simultÃ¡nea en nuestras sedes.  Â¡Os esperamos el 13 de julio a las 18h!ğŸŸ Entradas ğŸŸ  ğŸ“Madrid  https://t.co/8tLP0mckB7 ğŸ“Sevilla  https://t.co/e1ujZn6bQd ğŸ“Valencia  https://t.co/sHdLYb6GaC  https://t.co/i4cqR7Kfwk,0,0,0
273,1544231368896532480,2022-07-05,196056785,atrevia,ATREVIA,"ğŸ“² ""De aquÃ­ al 2025 se van a crear 400.000 #empleos en el Ã¡mbito #tecnolÃ³gico y para cubrirlos serÃ¡ necesaria una #formaciÃ³n especÃ­fica como el modelo #bootcamp"", asegura Noya FernÃ¡ndez desde  @TheBridge_Tech.  https://t.co/OOo9BTkLKH",0,2,2
274,1544223809112350723,2022-07-05,196056785,atrevia,ATREVIA,ğŸ”´ Todo preparado en @TheBridge_Tech para la presentaciÃ³n de la nueva metodologÃ­a de employer branding 5.0 de ATREVIA para ayudar a las empresas a captar #talento.  https://t.co/8jYPDDvni2,0,2,2
275,1544595001086283778,2022-07-06,190658967,haycanal,hayCANAL.com,#SAVETHEDATE ğŸš©| @TheBridge_Tech pone en marcha un #bootcamp orientado a formar en dos de las disciplinas que mÃ¡s estÃ¡n creciendo en EspaÃ±a: #Cloud #Computing &amp; #DevOpsâ˜ï¸  ğŸ“†12 de septiembre ğŸ•” Full-time â¬‡ï¸  https://t.co/FJ1IzSpro2,0,1,0
276,1544988613129261056,2022-07-07,27890913,elreferente,El Referente,#Inversiones ğŸ’°ğŸ’°  @TheBridge_Tech ha cerrado una ronda de 5Mâ‚¬ ğŸ‘€  PRINCIPAL INVERSOR âœ”#Atitlan   â¬‡â¬‡  https://t.co/2owefjS98d,0,0,0
277,1546397466517540866,2022-07-11,1085383992,wcapitalriesgo,Webcapitalriesgo.com,#VentureCapital/#PrivateEquity: @TheBridge_Tech cierra una ronda de â‚¬5M liderada por Atitlan  https://t.co/iDnOZ5z5g8,0,0,0
278,1546817334882476032,2022-07-12,1162694149956603904,thebridge_tech,The Bridge,Â¡Descubre la experiencia de Dani! â–¶ Dani estudiÃ³ una #fp en #desarrolloweb pero tenÃ­a claro que querÃ­a especializarse en #ciberseguridad ğŸ‘¾y realizÃ³ el #bootcamp en @TheBridge_Tech Â¡Fue complemento perfecto para conseguir un empleo en el sector!ğŸ¯  https://t.co/eimTUd6rUc,0,2,0
279,1547230643561664515,2022-07-13,1088261225153060864,gohubventures,GoHub Ventures,ğŸ§‘â€ğŸ“Los emprendedores y profesionales digitales del futuro han venido a visitarnos hoy  Los alumnos de @TheBridge_Tech han visto cÃ³mo trabaja un fondo VC y han mostrado su interÃ©s por conocer quÃ© grandes desafÃ­os resuelven nuestras #startups #deeptech   Mucho #talento en el Ãgora  https://t.co/FaCriTMOGw,0,1,2
280,1547209900874506241,2022-07-13,1232276995796586499,inescalabuig2,Ines Calabuig,Hoy hemos tenido una sÃºper visita a nuestras oficinas @TheBridge_TechğŸ‘‰primera Aceleradora de Talento Digital.  Hemos podido presentar @GoHubVentures  y compartir nuestros HQ con 26 de sus estudiantes y profesores Con muchas ganas de seguir colaborando con ellos en el futuro!  https://t.co/g9MzrP2hdq,0,1,3
